account_id,event_id,date,kind,amount_cad,amount_cents,settled
S-0001,E-0001-1,2026-10-02,internal_transfer,25,2500,1
S-0001,E-0001-2,2026-08-25,payroll,200,20000,1
S-0001,E-0001-3,2026-08-28,exchange,50,5000,1
S-0001,E-0001-4,2026-09-15,pension,450,45000,1
S-0001,E-0001-5,2026-09-12,internal_transfer,150,15000,1
S-0001,E-0001-6,2026-09-23,etransfer,50,5000,1
S-0002,E-0002-1,2026-10-03,internal_transfer,1500,150000,1
S-0002,E-0002-2,2026-08-06,exchange,1000,100000,1
S-0002,E-0002-3,2026-09-21,pension,1500,150000,1
S-0002,E-0002-4,2026-10-06,pension,25,2500,1
S-0002,E-0002-5,2026-08-26,exchange,450,45000,1
S-0002,E-0002-6,2026-09-03,etransfer,150,15000,1
S-0003,E-0003-1,2026-10-06,internal_transfer,150,15000,1
S-0003,E-0003-2,2026-09-13,pension,1000,100000,1
S-0003,E-0003-3,2026-09-05,internal_transfer,150,15000,1
S-0003,E-0003-4,2026-10-05,exchange,2000,200000,1
S-0003,E-0003-5,2026-10-07,pension,450,45000,1
S-0003,E-0003-6,2026-08-17,payroll,1000,100000,1
S-0004,E-0004-1,2026-08-28,pension,50,5000,1
S-0004,E-0004-2,2026-10-03,etransfer,800,80000,1
S-0004,E-0004-3,2026-08-13,etransfer,800,80000,1
S-0004,E-0004-4,2026-09-17,etransfer,200,20000,1
S-0004,E-0004-5,2026-08-22,internal_transfer,50,5000,1
S-0004,E-0004-6,2026-10-05,payroll,450,45000,1
S-0005,E-0005-1,2026-09-14,exchange,100,10000,1
S-0005,E-0005-2,2026-08-24,etransfer,200,20000,1
S-0005,E-0005-3,2026-08-17,internal_transfer,50,5000,1
S-0005,E-0005-4,2026-09-27,etransfer,1500,150000,1
S-0005,E-0005-5,2026-08-05,pension,450,45000,1
S-0005,E-0005-6,2026-10-01,government_benefit,2000,200000,1
S-0006,E-0006-1,2026-09-01,government_benefit,50,5000,1
S-0006,E-0006-2,2026-09-08,pension,25,2500,1
S-0006,E-0006-3,2026-10-02,internal_transfer,50,5000,1
S-0006,E-0006-4,2026-09-27,etransfer,50,5000,1
S-0006,E-0006-5,2026-08-05,etransfer,1000,100000,1
S-0006,E-0006-6,2026-08-09,etransfer,1500,150000,1
S-0007,E-0007-1,2026-09-07,internal_transfer,1500,150000,1
S-0007,E-0007-2,2026-10-04,exchange,200,20000,1
S-0007,E-0007-3,2026-10-06,etransfer,1000,100000,1
S-0007,E-0007-4,2026-09-04,pension,150,15000,1
S-0007,E-0007-5,2026-08-11,etransfer,25,2500,1
S-0007,E-0007-6,2026-10-04,pension,2000,200000,1
S-0008,E-0008-1,2026-08-03,pension,25,2500,1
S-0008,E-0008-2,2026-08-02,payroll,450,45000,1
S-0008,E-0008-3,2026-10-04,internal_transfer,200,20000,1
S-0008,E-0008-4,2026-09-07,pension,1500,150000,1
S-0008,E-0008-5,2026-10-08,exchange,150,15000,1
S-0008,E-0008-6,2026-09-07,payroll,50,5000,1
S-0009,E-0009-1,2026-10-07,exchange,450,45000,1
S-0009,E-0009-2,2026-09-15,internal_transfer,25,2500,1
S-0009,E-0009-3,2026-10-02,exchange,25,2500,1
S-0009,E-0009-4,2026-10-06,pension,50,5000,1
S-0009,E-0009-5,2026-08-07,exchange,1500,150000,1
S-0009,E-0009-6,2026-08-14,government_benefit,100,10000,1
S-0010,E-0010-1,2026-09-08,exchange,50,5000,1
S-0010,E-0010-2,2026-10-02,internal_transfer,25,2500,1
S-0010,E-0010-3,2026-10-01,pension,50,5000,1
S-0010,E-0010-4,2026-08-14,exchange,1000,100000,1
S-0010,E-0010-5,2026-08-28,payroll,800,80000,1
S-0010,E-0010-6,2026-08-13,exchange,25,2500,1
S-0011,E-0011-1,2026-09-26,government_benefit,1000,100000,1
S-0011,E-0011-2,2026-09-23,internal_transfer,1500,150000,1
S-0011,E-0011-3,2026-10-08,pension,100,10000,1
S-0011,E-0011-4,2026-09-07,etransfer,25,2500,1
S-0011,E-0011-5,2026-10-01,payroll,450,45000,1
S-0011,E-0011-6,2026-08-19,etransfer,1000,100000,1
S-0012,E-0012-1,2026-10-03,etransfer,25,2500,1
S-0012,E-0012-2,2026-08-28,payroll,100,10000,1
S-0012,E-0012-3,2026-10-02,exchange,150,15000,1
S-0012,E-0012-4,2026-08-19,etransfer,150,15000,1
S-0012,E-0012-5,2026-10-01,payroll,2000,200000,1
S-0012,E-0012-6,2026-09-22,etransfer,2000,200000,1
S-0013,E-0013-1,2026-10-06,pension,200,20000,1
S-0013,E-0013-2,2026-10-06,government_benefit,150,15000,1
S-0013,E-0013-3,2026-09-05,exchange,200,20000,1
S-0013,E-0013-4,2026-09-25,payroll,50,5000,1
S-0013,E-0013-5,2026-09-20,payroll,2000,200000,1
S-0013,E-0013-6,2026-08-18,etransfer,150,15000,1
S-0014,E-0014-1,2026-09-05,payroll,450,45000,1
S-0014,E-0014-2,2026-08-12,pension,200,20000,1
S-0014,E-0014-3,2026-09-27,internal_transfer,1500,150000,1
S-0014,E-0014-4,2026-09-20,payroll,1500,150000,1
S-0014,E-0014-5,2026-10-05,pension,50,5000,1
S-0014,E-0014-6,2026-09-04,internal_transfer,50,5000,1
S-0015,E-0015-1,2026-10-03,government_benefit,200,20000,1
S-0015,E-0015-2,2026-10-04,pension,450,45000,1
S-0015,E-0015-3,2026-10-05,exchange,1500,150000,1
S-0015,E-0015-4,2026-09-28,payroll,25,2500,1
S-0015,E-0015-5,2026-10-07,payroll,200,20000,1
S-0015,E-0015-6,2026-08-11,internal_transfer,100,10000,1
S-0016,E-0016-1,2026-09-06,etransfer,1000,100000,1
S-0016,E-0016-2,2026-10-07,payroll,1500,150000,1
S-0016,E-0016-3,2026-08-03,etransfer,100,10000,1
S-0016,E-0016-4,2026-08-27,etransfer,450,45000,1
S-0016,E-0016-5,2026-10-03,pension,800,80000,1
S-0016,E-0016-6,2026-08-10,payroll,450,45000,1
S-0017,E-0017-1,2026-09-07,internal_transfer,150,15000,1
S-0017,E-0017-2,2026-08-12,exchange,1500,150000,1
S-0017,E-0017-3,2026-10-03,pension,150,15000,1
S-0017,E-0017-4,2026-08-14,pension,25,2500,1
S-0017,E-0017-5,2026-10-06,internal_transfer,800,80000,1
S-0017,E-0017-6,2026-10-04,pension,200,20000,1
S-0018,E-0018-1,2026-10-02,payroll,800,80000,1
S-0018,E-0018-2,2026-09-08,exchange,150,15000,1
S-0018,E-0018-3,2026-09-10,pension,150,15000,1
S-0018,E-0018-4,2026-08-22,exchange,150,15000,1
S-0018,E-0018-5,2026-09-09,government_benefit,50,5000,1
S-0018,E-0018-6,2026-09-21,exchange,1500,150000,1
S-0019,E-0019-1,2026-10-06,payroll,25,2500,1
S-0019,E-0019-2,2026-09-06,government_benefit,2000,200000,1
S-0019,E-0019-3,2026-08-04,exchange,2000,200000,1
S-0019,E-0019-4,2026-09-24,exchange,450,45000,1
S-0019,E-0019-5,2026-10-02,etransfer,800,80000,1
S-0019,E-0019-6,2026-08-09,internal_transfer,25,2500,1
S-0020,E-0020-1,2026-09-01,etransfer,1500,150000,1
S-0020,E-0020-2,2026-10-04,exchange,450,45000,1
S-0020,E-0020-3,2026-08-22,etransfer,450,45000,1
S-0020,E-0020-4,2026-09-22,internal_transfer,50,5000,1
S-0020,E-0020-5,2026-09-17,internal_transfer,200,20000,1
S-0020,E-0020-6,2026-09-11,internal_transfer,800,80000,1
S-0021,E-0021-1,2026-09-18,pension,100,10000,1
S-0021,E-0021-2,2026-09-22,internal_transfer,800,80000,1
S-0021,E-0021-3,2026-10-03,etransfer,2000,200000,1
S-0021,E-0021-4,2026-09-13,payroll,1500,150000,1
S-0021,E-0021-5,2026-09-10,exchange,150,15000,1
S-0021,E-0021-6,2026-10-06,exchange,1000,100000,1
S-0022,E-0022-1,2026-09-22,etransfer,150,15000,1
S-0022,E-0022-2,2026-09-26,internal_transfer,100,10000,1
S-0022,E-0022-3,2026-08-10,internal_transfer,1500,150000,1
S-0022,E-0022-4,2026-10-06,pension,50,5000,1
S-0022,E-0022-5,2026-10-05,pension,150,15000,1
S-0022,E-0022-6,2026-08-01,pension,25,2500,1
S-0023,E-0023-1,2026-09-20,exchange,50,5000,1
S-0023,E-0023-2,2026-09-21,pension,2000,200000,1
S-0023,E-0023-3,2026-10-07,exchange,1000,100000,1
S-0023,E-0023-4,2026-08-05,payroll,25,2500,1
S-0023,E-0023-5,2026-09-08,internal_transfer,100,10000,1
S-0023,E-0023-6,2026-10-08,etransfer,25,2500,1
S-0024,E-0024-1,2026-08-28,exchange,50,5000,1
S-0024,E-0024-2,2026-08-26,internal_transfer,1000,100000,1
S-0024,E-0024-3,2026-10-06,etransfer,1000,100000,1
S-0024,E-0024-4,2026-10-07,exchange,1500,150000,1
S-0024,E-0024-5,2026-08-24,exchange,1000,100000,1
S-0024,E-0024-6,2026-09-25,internal_transfer,150,15000,1
S-0025,E-0025-1,2026-09-25,exchange,1500,150000,1
S-0025,E-0025-2,2026-10-04,exchange,200,20000,1
S-0025,E-0025-3,2026-08-23,pension,200,20000,1
S-0025,E-0025-4,2026-09-11,etransfer,450,45000,1
S-0025,E-0025-5,2026-08-05,pension,100,10000,1
S-0025,E-0025-6,2026-09-23,internal_transfer,100,10000,1
S-0026,E-0026-1,2026-08-03,exchange,800,80000,1
S-0026,E-0026-2,2026-09-18,exchange,1000,100000,1
S-0026,E-0026-3,2026-08-07,exchange,800,80000,1
S-0026,E-0026-4,2026-10-01,exchange,2000,200000,1
S-0026,E-0026-5,2026-09-01,government_benefit,450,45000,1
S-0026,E-0026-6,2026-09-28,etransfer,800,80000,1
S-0027,E-0027-1,2026-10-04,pension,1000,100000,1
S-0027,E-0027-2,2026-09-14,payroll,1000,100000,1
S-0027,E-0027-3,2026-09-11,internal_transfer,800,80000,1
S-0027,E-0027-4,2026-08-27,pension,1000,100000,1
S-0027,E-0027-5,2026-10-01,etransfer,800,80000,1
S-0027,E-0027-6,2026-10-01,internal_transfer,50,5000,1
S-0028,E-0028-1,2026-09-05,pension,1000,100000,1
S-0028,E-0028-2,2026-08-09,government_benefit,800,80000,1
S-0028,E-0028-3,2026-08-15,government_benefit,450,45000,1
S-0028,E-0028-4,2026-09-09,government_benefit,800,80000,1
S-0028,E-0028-5,2026-08-16,internal_transfer,25,2500,1
S-0028,E-0028-6,2026-10-01,pension,450,45000,1
S-0029,E-0029-1,2026-10-02,payroll,25,2500,1
S-0029,E-0029-2,2026-08-07,etransfer,25,2500,1
S-0029,E-0029-3,2026-08-08,exchange,100,10000,1
S-0029,E-0029-4,2026-10-02,pension,2000,200000,1
S-0029,E-0029-5,2026-09-23,government_benefit,200,20000,1
S-0029,E-0029-6,2026-08-20,internal_transfer,2000,200000,1
S-0030,E-0030-1,2026-10-02,government_benefit,100,10000,1
S-0030,E-0030-2,2026-08-19,government_benefit,25,2500,1
S-0030,E-0030-3,2026-10-07,internal_transfer,800,80000,1
S-0030,E-0030-4,2026-08-03,internal_transfer,2000,200000,1
S-0030,E-0030-5,2026-10-04,internal_transfer,50,5000,1
S-0030,E-0030-6,2026-09-28,payroll,2000,200000,1
S-0031,E-0031-1,2026-10-01,etransfer,450,45000,1
S-0031,E-0031-2,2026-09-22,payroll,450,45000,1
S-0031,E-0031-3,2026-10-06,exchange,25,2500,1
S-0031,E-0031-4,2026-09-04,government_benefit,800,80000,1
S-0031,E-0031-5,2026-10-08,exchange,100,10000,1
S-0031,E-0031-6,2026-08-24,internal_transfer,1500,150000,1
S-0032,E-0032-1,2026-09-20,exchange,1500,150000,1
S-0032,E-0032-2,2026-09-14,government_benefit,2000,200000,1
S-0032,E-0032-3,2026-09-28,payroll,150,15000,1
S-0032,E-0032-4,2026-09-15,exchange,150,15000,1
S-0032,E-0032-5,2026-10-07,payroll,450,45000,1
S-0032,E-0032-6,2026-09-28,pension,450,45000,1
S-0033,E-0033-1,2026-09-07,government_benefit,450,45000,1
S-0033,E-0033-2,2026-09-09,internal_transfer,2000,200000,1
S-0033,E-0033-3,2026-09-18,etransfer,25,2500,1
S-0033,E-0033-4,2026-08-03,internal_transfer,150,15000,1
S-0033,E-0033-5,2026-09-16,pension,1500,150000,1
S-0033,E-0033-6,2026-10-08,exchange,1000,100000,1
S-0034,E-0034-1,2026-08-03,pension,200,20000,1
S-0034,E-0034-2,2026-09-23,government_benefit,150,15000,1
S-0034,E-0034-3,2026-10-06,etransfer,1000,100000,1
S-0034,E-0034-4,2026-10-06,internal_transfer,800,80000,1
S-0034,E-0034-5,2026-10-06,internal_transfer,450,45000,1
S-0034,E-0034-6,2026-09-09,government_benefit,200,20000,1
S-0035,E-0035-1,2026-08-04,government_benefit,150,15000,1
S-0035,E-0035-2,2026-08-24,internal_transfer,1500,150000,1
S-0035,E-0035-3,2026-08-07,internal_transfer,150,15000,1
S-0035,E-0035-4,2026-09-09,etransfer,2000,200000,1
S-0035,E-0035-5,2026-10-05,pension,50,5000,1
S-0035,E-0035-6,2026-09-08,pension,450,45000,1
S-0036,E-0036-1,2026-09-01,pension,1500,150000,1
S-0036,E-0036-2,2026-09-02,etransfer,25,2500,1
S-0036,E-0036-3,2026-09-23,internal_transfer,100,10000,1
S-0036,E-0036-4,2026-09-04,etransfer,25,2500,1
S-0036,E-0036-5,2026-09-16,exchange,1000,100000,1
S-0036,E-0036-6,2026-09-06,government_benefit,25,2500,1
S-0037,E-0037-1,2026-09-04,exchange,50,5000,1
S-0037,E-0037-2,2026-09-03,internal_transfer,2000,200000,1
S-0037,E-0037-3,2026-10-01,pension,100,10000,1
S-0037,E-0037-4,2026-10-05,pension,50,5000,1
S-0037,E-0037-5,2026-08-18,etransfer,800,80000,1
S-0037,E-0037-6,2026-10-04,exchange,1500,150000,1
S-0038,E-0038-1,2026-09-15,etransfer,200,20000,1
S-0038,E-0038-2,2026-09-10,etransfer,2000,200000,1
S-0038,E-0038-3,2026-08-20,pension,50,5000,1
S-0038,E-0038-4,2026-10-04,internal_transfer,200,20000,1
S-0038,E-0038-5,2026-08-06,pension,150,15000,1
S-0038,E-0038-6,2026-10-02,payroll,100,10000,1
S-0039,E-0039-1,2026-09-15,exchange,2000,200000,1
S-0039,E-0039-2,2026-09-02,government_benefit,150,15000,1
S-0039,E-0039-3,2026-10-05,payroll,1000,100000,1
S-0039,E-0039-4,2026-10-04,internal_transfer,200,20000,1
S-0039,E-0039-5,2026-10-04,payroll,800,80000,1
S-0039,E-0039-6,2026-10-04,government_benefit,100,10000,1
S-0040,E-0040-1,2026-08-03,pension,25,2500,1
S-0040,E-0040-2,2026-09-20,government_benefit,2000,200000,1
S-0040,E-0040-3,2026-09-04,internal_transfer,1000,100000,1
S-0040,E-0040-4,2026-09-23,government_benefit,800,80000,1
S-0040,E-0040-5,2026-10-08,payroll,1000,100000,1
S-0040,E-0040-6,2026-10-01,internal_transfer,800,80000,1
S-0041,E-0041-1,2026-09-20,payroll,200,20000,1
S-0041,E-0041-2,2026-08-08,etransfer,2000,200000,1
S-0041,E-0041-3,2026-08-25,etransfer,200,20000,1
S-0041,E-0041-4,2026-08-25,exchange,100,10000,1
S-0041,E-0041-5,2026-10-08,pension,200,20000,1
S-0041,E-0041-6,2026-10-07,payroll,1000,100000,1
S-0042,E-0042-1,2026-09-12,government_benefit,800,80000,1
S-0042,E-0042-2,2026-09-22,pension,50,5000,1
S-0042,E-0042-3,2026-09-14,government_benefit,1000,100000,1
S-0042,E-0042-4,2026-10-07,payroll,1500,150000,1
S-0042,E-0042-5,2026-09-03,government_benefit,450,45000,1
S-0042,E-0042-6,2026-09-04,etransfer,800,80000,1
S-0043,E-0043-1,2026-08-22,exchange,1500,150000,1
S-0043,E-0043-2,2026-09-02,etransfer,150,15000,1
S-0043,E-0043-3,2026-09-20,internal_transfer,1000,100000,1
S-0043,E-0043-4,2026-09-25,pension,25,2500,1
S-0043,E-0043-5,2026-09-18,government_benefit,100,10000,1
S-0043,E-0043-6,2026-09-23,payroll,1000,100000,1
S-0044,E-0044-1,2026-08-21,pension,2000,200000,1
S-0044,E-0044-2,2026-10-03,etransfer,200,20000,1
S-0044,E-0044-3,2026-08-18,payroll,800,80000,1
S-0044,E-0044-4,2026-08-27,exchange,50,5000,1
S-0044,E-0044-5,2026-08-21,exchange,100,10000,1
S-0044,E-0044-6,2026-10-05,internal_transfer,1500,150000,1
S-0045,E-0045-1,2026-09-14,exchange,1000,100000,1
S-0045,E-0045-2,2026-08-15,pension,1500,150000,1
S-0045,E-0045-3,2026-09-07,etransfer,2000,200000,1
S-0045,E-0045-4,2026-10-03,government_benefit,50,5000,1
S-0045,E-0045-5,2026-09-11,government_benefit,1500,150000,1
S-0045,E-0045-6,2026-08-10,etransfer,200,20000,1
S-0046,E-0046-1,2026-10-08,exchange,100,10000,1
S-0046,E-0046-2,2026-10-08,government_benefit,450,45000,1
S-0046,E-0046-3,2026-10-07,government_benefit,1000,100000,1
S-0046,E-0046-4,2026-08-23,etransfer,150,15000,1
S-0046,E-0046-5,2026-09-08,payroll,800,80000,1
S-0046,E-0046-6,2026-09-24,internal_transfer,1000,100000,1
S-0047,E-0047-1,2026-09-13,exchange,100,10000,1
S-0047,E-0047-2,2026-08-05,etransfer,1500,150000,1
S-0047,E-0047-3,2026-09-28,exchange,50,5000,1
S-0047,E-0047-4,2026-08-17,payroll,1000,100000,1
S-0047,E-0047-5,2026-10-03,internal_transfer,800,80000,1
S-0047,E-0047-6,2026-08-03,government_benefit,1000,100000,1
S-0048,E-0048-1,2026-09-20,internal_transfer,800,80000,1
S-0048,E-0048-2,2026-08-28,internal_transfer,450,45000,1
S-0048,E-0048-3,2026-10-07,internal_transfer,450,45000,1
S-0048,E-0048-4,2026-10-08,payroll,1500,150000,1
S-0048,E-0048-5,2026-10-02,internal_transfer,150,15000,1
S-0048,E-0048-6,2026-10-05,internal_transfer,150,15000,1
S-0049,E-0049-1,2026-08-14,internal_transfer,50,5000,1
S-0049,E-0049-2,2026-10-02,pension,1000,100000,1
S-0049,E-0049-3,2026-10-05,payroll,25,2500,1
S-0049,E-0049-4,2026-09-26,government_benefit,25,2500,1
S-0049,E-0049-5,2026-09-12,pension,800,80000,1
S-0049,E-0049-6,2026-08-17,etransfer,800,80000,1
S-0050,E-0050-1,2026-10-03,pension,100,10000,1
S-0050,E-0050-2,2026-08-20,etransfer,800,80000,1
S-0050,E-0050-3,2026-10-04,etransfer,1000,100000,1
S-0050,E-0050-4,2026-08-08,internal_transfer,1000,100000,1
S-0050,E-0050-5,2026-09-15,internal_transfer,200,20000,1
S-0050,E-0050-6,2026-08-26,government_benefit,1000,100000,1
S-0051,E-0051-1,2026-10-03,exchange,50,5000,1
S-0051,E-0051-2,2026-09-19,internal_transfer,200,20000,1
S-0051,E-0051-3,2026-09-23,exchange,200,20000,1
S-0051,E-0051-4,2026-09-07,exchange,800,80000,1
S-0051,E-0051-5,2026-08-08,etransfer,800,80000,1
S-0051,E-0051-6,2026-09-19,internal_transfer,200,20000,1
S-0052,E-0052-1,2026-09-01,government_benefit,800,80000,1
S-0052,E-0052-2,2026-08-19,etransfer,25,2500,1
S-0052,E-0052-3,2026-10-08,pension,200,20000,1
S-0052,E-0052-4,2026-10-06,internal_transfer,150,15000,1
S-0052,E-0052-5,2026-08-20,internal_transfer,200,20000,1
S-0052,E-0052-6,2026-10-03,internal_transfer,50,5000,1
S-0053,E-0053-1,2026-10-01,exchange,200,20000,1
S-0053,E-0053-2,2026-08-19,internal_transfer,450,45000,1
S-0053,E-0053-3,2026-08-03,government_benefit,200,20000,1
S-0053,E-0053-4,2026-10-07,pension,100,10000,1
S-0053,E-0053-5,2026-08-26,government_benefit,1500,150000,1
S-0053,E-0053-6,2026-10-05,government_benefit,100,10000,1
S-0054,E-0054-1,2026-09-26,internal_transfer,200,20000,1
S-0054,E-0054-2,2026-09-26,exchange,50,5000,1
S-0054,E-0054-3,2026-08-05,internal_transfer,150,15000,1
S-0054,E-0054-4,2026-10-07,government_benefit,1500,150000,1
S-0054,E-0054-5,2026-08-26,payroll,800,80000,1
S-0054,E-0054-6,2026-09-18,exchange,50,5000,1
S-0055,E-0055-1,2026-09-22,etransfer,200,20000,1
S-0055,E-0055-2,2026-09-27,payroll,450,45000,1
S-0055,E-0055-3,2026-10-04,payroll,1000,100000,1
S-0055,E-0055-4,2026-10-06,pension,2000,200000,1
S-0055,E-0055-5,2026-10-02,internal_transfer,1000,100000,1
S-0055,E-0055-6,2026-09-21,payroll,800,80000,1
S-0056,E-0056-1,2026-08-02,government_benefit,25,2500,1
S-0056,E-0056-2,2026-09-04,pension,50,5000,1
S-0056,E-0056-3,2026-10-03,exchange,800,80000,1
S-0056,E-0056-4,2026-09-22,exchange,1500,150000,1
S-0056,E-0056-5,2026-10-03,internal_transfer,800,80000,1
S-0056,E-0056-6,2026-08-27,etransfer,1000,100000,1
S-0057,E-0057-1,2026-09-09,internal_transfer,25,2500,1
S-0057,E-0057-2,2026-09-07,exchange,1000,100000,1
S-0057,E-0057-3,2026-08-28,payroll,450,45000,1
S-0057,E-0057-4,2026-10-06,internal_transfer,1500,150000,1
S-0057,E-0057-5,2026-09-02,government_benefit,800,80000,1
S-0057,E-0057-6,2026-08-04,payroll,1000,100000,1
S-0058,E-0058-1,2026-10-04,payroll,2000,200000,1
S-0058,E-0058-2,2026-08-26,pension,450,45000,1
S-0058,E-0058-3,2026-08-26,pension,2000,200000,1
S-0058,E-0058-4,2026-08-27,pension,1500,150000,1
S-0058,E-0058-5,2026-10-04,government_benefit,150,15000,1
S-0058,E-0058-6,2026-08-26,payroll,2000,200000,1
S-0059,E-0059-1,2026-09-28,pension,100,10000,1
S-0059,E-0059-2,2026-10-05,payroll,100,10000,1
S-0059,E-0059-3,2026-10-01,payroll,100,10000,1
S-0059,E-0059-4,2026-09-26,etransfer,150,15000,1
S-0059,E-0059-5,2026-09-01,government_benefit,100,10000,1
S-0059,E-0059-6,2026-08-05,etransfer,800,80000,1
S-0060,E-0060-1,2026-08-24,exchange,50,5000,1
S-0060,E-0060-2,2026-09-25,etransfer,450,45000,1
S-0060,E-0060-3,2026-10-02,etransfer,1000,100000,1
S-0060,E-0060-4,2026-08-20,internal_transfer,25,2500,1
S-0060,E-0060-5,2026-10-05,internal_transfer,1000,100000,1
S-0060,E-0060-6,2026-08-02,exchange,1000,100000,1
S-0061,E-0061-1,2026-09-22,exchange,50,5000,1
S-0061,E-0061-2,2026-10-08,payroll,50,5000,1
S-0061,E-0061-3,2026-09-20,payroll,100,10000,1
S-0061,E-0061-4,2026-08-09,internal_transfer,2000,200000,1
S-0061,E-0061-5,2026-10-06,etransfer,800,80000,1
S-0061,E-0061-6,2026-10-05,etransfer,1000,100000,1
S-0062,E-0062-1,2026-10-07,internal_transfer,50,5000,1
S-0062,E-0062-2,2026-08-28,internal_transfer,1500,150000,1
S-0062,E-0062-3,2026-08-14,pension,1000,100000,1
S-0062,E-0062-4,2026-09-11,exchange,1000,100000,1
S-0062,E-0062-5,2026-09-24,government_benefit,50,5000,1
S-0062,E-0062-6,2026-09-11,government_benefit,200,20000,1
S-0063,E-0063-1,2026-08-22,payroll,1000,100000,1
S-0063,E-0063-2,2026-08-27,payroll,50,5000,1
S-0063,E-0063-3,2026-09-04,pension,450,45000,1
S-0063,E-0063-4,2026-10-01,etransfer,2000,200000,1
S-0063,E-0063-5,2026-10-06,exchange,50,5000,1
S-0063,E-0063-6,2026-09-28,internal_transfer,800,80000,1
S-0064,E-0064-1,2026-08-10,government_benefit,2000,200000,1
S-0064,E-0064-2,2026-09-04,etransfer,2000,200000,1
S-0064,E-0064-3,2026-08-05,pension,1000,100000,1
S-0064,E-0064-4,2026-08-12,government_benefit,1500,150000,1
S-0064,E-0064-5,2026-08-25,etransfer,200,20000,1
S-0064,E-0064-6,2026-08-26,etransfer,800,80000,1
S-0065,E-0065-1,2026-10-01,internal_transfer,2000,200000,1
S-0065,E-0065-2,2026-10-05,pension,25,2500,1
S-0065,E-0065-3,2026-09-23,government_benefit,200,20000,1
S-0065,E-0065-4,2026-09-01,pension,100,10000,1
S-0065,E-0065-5,2026-10-07,pension,50,5000,1
S-0065,E-0065-6,2026-10-01,internal_transfer,50,5000,1
S-0066,E-0066-1,2026-10-04,exchange,800,80000,1
S-0066,E-0066-2,2026-09-11,government_benefit,100,10000,1
S-0066,E-0066-3,2026-09-24,etransfer,450,45000,1
S-0066,E-0066-4,2026-10-02,pension,25,2500,1
S-0066,E-0066-5,2026-08-25,payroll,2000,200000,1
S-0066,E-0066-6,2026-10-02,exchange,200,20000,1
S-0067,E-0067-1,2026-10-07,etransfer,1000,100000,1
S-0067,E-0067-2,2026-09-14,pension,200,20000,1
S-0067,E-0067-3,2026-10-02,exchange,450,45000,1
S-0067,E-0067-4,2026-08-10,exchange,2000,200000,1
S-0067,E-0067-5,2026-10-05,pension,25,2500,1
S-0067,E-0067-6,2026-09-20,payroll,25,2500,1
S-0068,E-0068-1,2026-08-10,pension,150,15000,1
S-0068,E-0068-2,2026-09-10,payroll,450,45000,1
S-0068,E-0068-3,2026-08-16,pension,800,80000,1
S-0068,E-0068-4,2026-08-13,internal_transfer,1500,150000,1
S-0068,E-0068-5,2026-08-17,internal_transfer,1500,150000,1
S-0068,E-0068-6,2026-09-03,internal_transfer,800,80000,1
S-0069,E-0069-1,2026-08-14,exchange,25,2500,1
S-0069,E-0069-2,2026-08-28,etransfer,450,45000,1
S-0069,E-0069-3,2026-09-19,internal_transfer,800,80000,1
S-0069,E-0069-4,2026-10-07,payroll,200,20000,1
S-0069,E-0069-5,2026-09-01,pension,450,45000,1
S-0069,E-0069-6,2026-10-08,payroll,450,45000,1
S-0070,E-0070-1,2026-09-28,pension,50,5000,1
S-0070,E-0070-2,2026-09-19,etransfer,800,80000,1
S-0070,E-0070-3,2026-08-13,internal_transfer,200,20000,1
S-0070,E-0070-4,2026-09-08,pension,450,45000,1
S-0070,E-0070-5,2026-08-17,etransfer,50,5000,1
S-0070,E-0070-6,2026-10-04,government_benefit,450,45000,1
S-0071,E-0071-1,2026-10-03,payroll,150,15000,1
S-0071,E-0071-2,2026-08-09,pension,150,15000,1
S-0071,E-0071-3,2026-10-03,pension,50,5000,1
S-0071,E-0071-4,2026-10-08,etransfer,1000,100000,1
S-0071,E-0071-5,2026-10-08,internal_transfer,2000,200000,1
S-0071,E-0071-6,2026-10-06,pension,450,45000,1
S-0072,E-0072-1,2026-09-03,exchange,1000,100000,1
S-0072,E-0072-2,2026-10-05,etransfer,200,20000,1
S-0072,E-0072-3,2026-08-12,payroll,1500,150000,1
S-0072,E-0072-4,2026-09-15,payroll,1000,100000,1
S-0072,E-0072-5,2026-08-12,payroll,200,20000,1
S-0072,E-0072-6,2026-10-02,etransfer,2000,200000,1
S-0073,E-0073-1,2026-10-07,etransfer,1000,100000,1
S-0073,E-0073-2,2026-10-01,etransfer,1000,100000,1
S-0073,E-0073-3,2026-10-04,etransfer,450,45000,1
S-0073,E-0073-4,2026-09-17,payroll,100,10000,1
S-0073,E-0073-5,2026-09-04,internal_transfer,450,45000,1
S-0073,E-0073-6,2026-08-17,payroll,100,10000,1
S-0074,E-0074-1,2026-08-23,exchange,1000,100000,1
S-0074,E-0074-2,2026-10-03,government_benefit,450,45000,1
S-0074,E-0074-3,2026-09-13,government_benefit,800,80000,1
S-0074,E-0074-4,2026-10-01,payroll,450,45000,1
S-0074,E-0074-5,2026-09-04,internal_transfer,1500,150000,1
S-0074,E-0074-6,2026-09-10,internal_transfer,200,20000,1
S-0075,E-0075-1,2026-10-03,payroll,450,45000,1
S-0075,E-0075-2,2026-10-03,government_benefit,450,45000,1
S-0075,E-0075-3,2026-10-07,etransfer,100,10000,1
S-0075,E-0075-4,2026-10-02,etransfer,200,20000,1
S-0075,E-0075-5,2026-09-21,pension,450,45000,1
S-0075,E-0075-6,2026-10-02,etransfer,800,80000,1
S-0076,E-0076-1,2026-09-01,government_benefit,450,45000,1
S-0076,E-0076-2,2026-08-07,exchange,450,45000,1
S-0076,E-0076-3,2026-08-08,pension,100,10000,1
S-0076,E-0076-4,2026-08-10,etransfer,50,5000,1
S-0076,E-0076-5,2026-10-01,etransfer,450,45000,1
S-0076,E-0076-6,2026-08-20,pension,800,80000,1
S-0077,E-0077-1,2026-08-06,pension,2000,200000,1
S-0077,E-0077-2,2026-10-08,exchange,25,2500,1
S-0077,E-0077-3,2026-09-22,exchange,150,15000,1
S-0077,E-0077-4,2026-10-05,pension,1000,100000,1
S-0077,E-0077-5,2026-10-04,exchange,200,20000,1
S-0077,E-0077-6,2026-08-12,exchange,2000,200000,1
S-0078,E-0078-1,2026-09-25,exchange,200,20000,1
S-0078,E-0078-2,2026-10-07,pension,100,10000,1
S-0078,E-0078-3,2026-10-03,payroll,200,20000,1
S-0078,E-0078-4,2026-10-08,etransfer,450,45000,1
S-0078,E-0078-5,2026-08-23,payroll,1500,150000,1
S-0078,E-0078-6,2026-09-03,government_benefit,100,10000,1
S-0079,E-0079-1,2026-09-17,exchange,100,10000,1
S-0079,E-0079-2,2026-08-08,government_benefit,1000,100000,1
S-0079,E-0079-3,2026-08-14,exchange,25,2500,1
S-0079,E-0079-4,2026-10-06,exchange,150,15000,1
S-0079,E-0079-5,2026-08-12,payroll,150,15000,1
S-0079,E-0079-6,2026-09-04,pension,450,45000,1
S-0080,E-0080-1,2026-08-02,exchange,200,20000,1
S-0080,E-0080-2,2026-10-03,exchange,1000,100000,1
S-0080,E-0080-3,2026-10-01,payroll,50,5000,1
S-0080,E-0080-4,2026-09-07,etransfer,100,10000,1
S-0080,E-0080-5,2026-10-07,government_benefit,50,5000,1
S-0080,E-0080-6,2026-08-10,payroll,50,5000,1
S-0081,E-0081-1,2026-08-14,exchange,2000,200000,1
S-0081,E-0081-2,2026-08-04,etransfer,1000,100000,1
S-0081,E-0081-3,2026-10-01,etransfer,1500,150000,1
S-0081,E-0081-4,2026-08-23,government_benefit,100,10000,1
S-0081,E-0081-5,2026-09-01,government_benefit,2000,200000,1
S-0081,E-0081-6,2026-08-19,pension,800,80000,1
S-0082,E-0082-1,2026-10-02,government_benefit,1500,150000,1
S-0082,E-0082-2,2026-08-17,etransfer,1500,150000,1
S-0082,E-0082-3,2026-10-01,exchange,800,80000,1
S-0082,E-0082-4,2026-08-21,government_benefit,800,80000,1
S-0082,E-0082-5,2026-09-24,government_benefit,25,2500,1
S-0082,E-0082-6,2026-08-12,internal_transfer,150,15000,1
S-0083,E-0083-1,2026-10-02,internal_transfer,2000,200000,1
S-0083,E-0083-2,2026-09-05,government_benefit,25,2500,1
S-0083,E-0083-3,2026-10-06,internal_transfer,100,10000,1
S-0083,E-0083-4,2026-09-23,internal_transfer,1000,100000,1
S-0083,E-0083-5,2026-08-26,payroll,100,10000,1
S-0083,E-0083-6,2026-10-08,government_benefit,25,2500,1
S-0084,E-0084-1,2026-08-02,payroll,150,15000,1
S-0084,E-0084-2,2026-09-10,exchange,1500,150000,1
S-0084,E-0084-3,2026-10-08,payroll,200,20000,1
S-0084,E-0084-4,2026-10-04,government_benefit,200,20000,1
S-0084,E-0084-5,2026-08-28,government_benefit,450,45000,1
S-0084,E-0084-6,2026-08-26,exchange,450,45000,1
S-0085,E-0085-1,2026-09-24,exchange,1000,100000,1
S-0085,E-0085-2,2026-09-06,internal_transfer,1000,100000,1
S-0085,E-0085-3,2026-09-12,government_benefit,1500,150000,1
S-0085,E-0085-4,2026-08-24,payroll,800,80000,1
S-0085,E-0085-5,2026-09-20,etransfer,100,10000,1
S-0085,E-0085-6,2026-09-11,payroll,50,5000,1
S-0086,E-0086-1,2026-09-22,government_benefit,200,20000,1
S-0086,E-0086-2,2026-09-20,pension,800,80000,1
S-0086,E-0086-3,2026-10-08,exchange,450,45000,1
S-0086,E-0086-4,2026-08-24,etransfer,450,45000,1
S-0086,E-0086-5,2026-09-09,payroll,25,2500,1
S-0086,E-0086-6,2026-10-07,etransfer,450,45000,1
S-0087,E-0087-1,2026-10-03,pension,25,2500,1
S-0087,E-0087-2,2026-10-08,pension,25,2500,1
S-0087,E-0087-3,2026-08-08,government_benefit,450,45000,1
S-0087,E-0087-4,2026-09-19,etransfer,25,2500,1
S-0087,E-0087-5,2026-08-22,government_benefit,1000,100000,1
S-0087,E-0087-6,2026-09-15,etransfer,50,5000,1
S-0088,E-0088-1,2026-08-17,exchange,450,45000,1
S-0088,E-0088-2,2026-09-21,pension,200,20000,1
S-0088,E-0088-3,2026-08-01,exchange,100,10000,1
S-0088,E-0088-4,2026-10-07,payroll,1500,150000,1
S-0088,E-0088-5,2026-09-25,internal_transfer,200,20000,1
S-0088,E-0088-6,2026-09-07,government_benefit,2000,200000,1
S-0089,E-0089-1,2026-10-08,payroll,150,15000,1
S-0089,E-0089-2,2026-08-28,exchange,50,5000,1
S-0089,E-0089-3,2026-08-23,payroll,1000,100000,1
S-0089,E-0089-4,2026-10-06,internal_transfer,450,45000,1
S-0089,E-0089-5,2026-08-18,government_benefit,1500,150000,1
S-0089,E-0089-6,2026-09-28,internal_transfer,100,10000,1
S-0090,E-0090-1,2026-10-03,etransfer,450,45000,1
S-0090,E-0090-2,2026-08-04,pension,150,15000,1
S-0090,E-0090-3,2026-08-26,payroll,1000,100000,1
S-0090,E-0090-4,2026-09-18,government_benefit,2000,200000,1
S-0090,E-0090-5,2026-09-26,pension,1500,150000,1
S-0090,E-0090-6,2026-10-02,government_benefit,50,5000,1
S-0091,E-0091-1,2026-09-23,etransfer,1000,100000,1
S-0091,E-0091-2,2026-09-25,etransfer,800,80000,1
S-0091,E-0091-3,2026-08-05,internal_transfer,450,45000,1
S-0091,E-0091-4,2026-08-15,internal_transfer,1000,100000,1
S-0091,E-0091-5,2026-10-06,etransfer,100,10000,1
S-0091,E-0091-6,2026-10-03,exchange,100,10000,1
S-0092,E-0092-1,2026-10-01,etransfer,50,5000,1
S-0092,E-0092-2,2026-08-10,pension,100,10000,1
S-0092,E-0092-3,2026-09-23,government_benefit,150,15000,1
S-0092,E-0092-4,2026-10-05,government_benefit,50,5000,1
S-0092,E-0092-5,2026-08-21,government_benefit,1500,150000,1
S-0092,E-0092-6,2026-08-21,etransfer,200,20000,1
S-0093,E-0093-1,2026-10-02,internal_transfer,1500,150000,1
S-0093,E-0093-2,2026-08-19,pension,2000,200000,1
S-0093,E-0093-3,2026-08-22,internal_transfer,2000,200000,1
S-0093,E-0093-4,2026-10-06,payroll,2000,200000,1
S-0093,E-0093-5,2026-08-03,internal_transfer,25,2500,1
S-0093,E-0093-6,2026-10-05,etransfer,150,15000,1
S-0094,E-0094-1,2026-09-20,exchange,25,2500,1
S-0094,E-0094-2,2026-10-05,exchange,200,20000,1
S-0094,E-0094-3,2026-08-26,government_benefit,800,80000,1
S-0094,E-0094-4,2026-09-03,pension,25,2500,1
S-0094,E-0094-5,2026-09-14,exchange,1000,100000,1
S-0094,E-0094-6,2026-08-11,pension,2000,200000,1
S-0095,E-0095-1,2026-09-28,internal_transfer,450,45000,1
S-0095,E-0095-2,2026-09-13,government_benefit,100,10000,1
S-0095,E-0095-3,2026-10-02,pension,450,45000,1
S-0095,E-0095-4,2026-09-04,exchange,200,20000,1
S-0095,E-0095-5,2026-08-05,payroll,50,5000,1
S-0095,E-0095-6,2026-09-13,exchange,2000,200000,1
S-0096,E-0096-1,2026-08-28,government_benefit,100,10000,1
S-0096,E-0096-2,2026-10-06,pension,150,15000,1
S-0096,E-0096-3,2026-09-17,exchange,1000,100000,1
S-0096,E-0096-4,2026-09-16,payroll,25,2500,1
S-0096,E-0096-5,2026-09-17,pension,1000,100000,1
S-0096,E-0096-6,2026-08-19,payroll,450,45000,1
S-0097,E-0097-1,2026-08-10,etransfer,1000,100000,1
S-0097,E-0097-2,2026-10-08,etransfer,200,20000,1
S-0097,E-0097-3,2026-08-28,exchange,50,5000,1
S-0097,E-0097-4,2026-08-09,exchange,450,45000,1
S-0097,E-0097-5,2026-09-02,payroll,800,80000,1
S-0097,E-0097-6,2026-10-04,etransfer,450,45000,1
S-0098,E-0098-1,2026-09-03,etransfer,800,80000,1
S-0098,E-0098-2,2026-09-25,government_benefit,1500,150000,1
S-0098,E-0098-3,2026-10-02,payroll,100,10000,1
S-0098,E-0098-4,2026-09-12,etransfer,450,45000,1
S-0098,E-0098-5,2026-09-25,pension,100,10000,1
S-0098,E-0098-6,2026-10-07,payroll,1500,150000,1
S-0099,E-0099-1,2026-08-02,internal_transfer,100,10000,1
S-0099,E-0099-2,2026-09-26,etransfer,1000,100000,1
S-0099,E-0099-3,2026-09-05,etransfer,2000,200000,1
S-0099,E-0099-4,2026-08-11,government_benefit,2000,200000,1
S-0099,E-0099-5,2026-08-13,internal_transfer,2000,200000,1
S-0099,E-0099-6,2026-09-19,etransfer,450,45000,1
S-0100,E-0100-1,2026-10-08,government_benefit,2000,200000,1
S-0100,E-0100-2,2026-09-27,government_benefit,25,2500,1
S-0100,E-0100-3,2026-09-22,exchange,50,5000,1
S-0100,E-0100-4,2026-10-05,etransfer,25,2500,1
S-0100,E-0100-5,2026-09-09,etransfer,2000,200000,1
S-0100,E-0100-6,2026-08-24,etransfer,25,2500,1
S-0101,E-0101-1,2026-09-06,internal_transfer,1500,150000,1
S-0101,E-0101-2,2026-10-07,internal_transfer,100,10000,1
S-0101,E-0101-3,2026-08-02,internal_transfer,2000,200000,1
S-0101,E-0101-4,2026-08-07,exchange,25,2500,1
S-0101,E-0101-5,2026-09-14,exchange,100,10000,1
S-0101,E-0101-6,2026-10-04,etransfer,800,80000,1
S-0102,E-0102-1,2026-10-08,internal_transfer,25,2500,1
S-0102,E-0102-2,2026-08-17,etransfer,150,15000,1
S-0102,E-0102-3,2026-09-22,etransfer,1000,100000,1
S-0102,E-0102-4,2026-09-11,exchange,100,10000,1
S-0102,E-0102-5,2026-10-06,government_benefit,1500,150000,1
S-0102,E-0102-6,2026-10-05,exchange,2000,200000,1
S-0103,E-0103-1,2026-08-08,etransfer,200,20000,1
S-0103,E-0103-2,2026-09-08,government_benefit,200,20000,1
S-0103,E-0103-3,2026-10-04,government_benefit,1000,100000,1
S-0103,E-0103-4,2026-09-12,internal_transfer,1500,150000,1
S-0103,E-0103-5,2026-09-10,etransfer,50,5000,1
S-0103,E-0103-6,2026-10-07,government_benefit,800,80000,1
S-0104,E-0104-1,2026-08-10,government_benefit,25,2500,1
S-0104,E-0104-2,2026-10-02,exchange,450,45000,1
S-0104,E-0104-3,2026-10-05,pension,1000,100000,1
S-0104,E-0104-4,2026-08-27,government_benefit,1500,150000,1
S-0104,E-0104-5,2026-10-05,payroll,100,10000,1
S-0104,E-0104-6,2026-10-04,payroll,150,15000,1
S-0105,E-0105-1,2026-10-04,payroll,150,15000,1
S-0105,E-0105-2,2026-08-14,internal_transfer,450,45000,1
S-0105,E-0105-3,2026-09-04,payroll,100,10000,1
S-0105,E-0105-4,2026-10-03,internal_transfer,800,80000,1
S-0105,E-0105-5,2026-09-16,government_benefit,150,15000,1
S-0105,E-0105-6,2026-09-10,payroll,25,2500,1
S-0106,E-0106-1,2026-10-04,internal_transfer,1500,150000,1
S-0106,E-0106-2,2026-10-01,exchange,100,10000,1
S-0106,E-0106-3,2026-08-02,exchange,800,80000,1
S-0106,E-0106-4,2026-08-24,payroll,200,20000,1
S-0106,E-0106-5,2026-08-10,etransfer,2000,200000,1
S-0106,E-0106-6,2026-08-11,exchange,200,20000,1
S-0107,E-0107-1,2026-10-08,etransfer,100,10000,1
S-0107,E-0107-2,2026-09-09,payroll,150,15000,1
S-0107,E-0107-3,2026-09-06,internal_transfer,1000,100000,1
S-0107,E-0107-4,2026-09-23,payroll,100,10000,1
S-0107,E-0107-5,2026-10-06,etransfer,200,20000,1
S-0107,E-0107-6,2026-10-04,etransfer,100,10000,1
S-0108,E-0108-1,2026-10-07,etransfer,800,80000,1
S-0108,E-0108-2,2026-09-03,internal_transfer,800,80000,1
S-0108,E-0108-3,2026-08-06,exchange,100,10000,1
S-0108,E-0108-4,2026-09-08,government_benefit,25,2500,1
S-0108,E-0108-5,2026-09-08,government_benefit,1000,100000,1
S-0108,E-0108-6,2026-09-10,internal_transfer,2000,200000,1
S-0109,E-0109-1,2026-10-01,internal_transfer,200,20000,1
S-0109,E-0109-2,2026-09-23,payroll,150,15000,1
S-0109,E-0109-3,2026-10-02,government_benefit,1000,100000,1
S-0109,E-0109-4,2026-08-13,internal_transfer,1500,150000,1
S-0109,E-0109-5,2026-09-23,internal_transfer,50,5000,1
S-0109,E-0109-6,2026-09-12,pension,2000,200000,1
S-0110,E-0110-1,2026-08-05,pension,1000,100000,1
S-0110,E-0110-2,2026-09-24,government_benefit,2000,200000,1
S-0110,E-0110-3,2026-09-23,exchange,1500,150000,1
S-0110,E-0110-4,2026-10-04,internal_transfer,150,15000,1
S-0110,E-0110-5,2026-10-02,exchange,1500,150000,1
S-0110,E-0110-6,2026-10-06,etransfer,50,5000,1
S-0111,E-0111-1,2026-08-02,etransfer,1500,150000,1
S-0111,E-0111-2,2026-08-19,pension,1500,150000,1
S-0111,E-0111-3,2026-08-11,exchange,1500,150000,1
S-0111,E-0111-4,2026-08-22,internal_transfer,150,15000,1
S-0111,E-0111-5,2026-10-08,etransfer,50,5000,1
S-0111,E-0111-6,2026-09-26,exchange,25,2500,1
S-0112,E-0112-1,2026-08-17,exchange,800,80000,1
S-0112,E-0112-2,2026-10-01,exchange,1500,150000,1
S-0112,E-0112-3,2026-10-05,exchange,25,2500,1
S-0112,E-0112-4,2026-09-27,internal_transfer,25,2500,1
S-0112,E-0112-5,2026-08-19,payroll,50,5000,1
S-0112,E-0112-6,2026-09-12,etransfer,50,5000,1
S-0113,E-0113-1,2026-08-03,payroll,1000,100000,1
S-0113,E-0113-2,2026-09-14,pension,100,10000,1
S-0113,E-0113-3,2026-10-07,exchange,450,45000,1
S-0113,E-0113-4,2026-09-28,exchange,800,80000,1
S-0113,E-0113-5,2026-08-22,pension,1500,150000,1
S-0113,E-0113-6,2026-10-06,pension,50,5000,1
S-0114,E-0114-1,2026-10-07,pension,1500,150000,1
S-0114,E-0114-2,2026-10-04,payroll,25,2500,1
S-0114,E-0114-3,2026-09-15,exchange,1500,150000,1
S-0114,E-0114-4,2026-10-07,pension,150,15000,1
S-0114,E-0114-5,2026-09-12,government_benefit,100,10000,1
S-0114,E-0114-6,2026-08-24,payroll,50,5000,1
S-0115,E-0115-1,2026-10-07,payroll,2000,200000,1
S-0115,E-0115-2,2026-08-07,payroll,50,5000,1
S-0115,E-0115-3,2026-10-01,etransfer,1000,100000,1
S-0115,E-0115-4,2026-10-01,internal_transfer,150,15000,1
S-0115,E-0115-5,2026-08-13,pension,1000,100000,1
S-0115,E-0115-6,2026-10-04,pension,25,2500,1
S-0116,E-0116-1,2026-10-05,internal_transfer,150,15000,1
S-0116,E-0116-2,2026-10-06,etransfer,2000,200000,1
S-0116,E-0116-3,2026-10-06,government_benefit,150,15000,1
S-0116,E-0116-4,2026-08-22,pension,1500,150000,1
S-0116,E-0116-5,2026-09-10,payroll,200,20000,1
S-0116,E-0116-6,2026-10-03,etransfer,800,80000,1
S-0117,E-0117-1,2026-09-02,internal_transfer,450,45000,1
S-0117,E-0117-2,2026-10-07,government_benefit,1500,150000,1
S-0117,E-0117-3,2026-10-07,pension,800,80000,1
S-0117,E-0117-4,2026-09-13,etransfer,100,10000,1
S-0117,E-0117-5,2026-09-08,government_benefit,150,15000,1
S-0117,E-0117-6,2026-10-03,payroll,1000,100000,1
S-0118,E-0118-1,2026-10-07,etransfer,800,80000,1
S-0118,E-0118-2,2026-10-03,pension,800,80000,1
S-0118,E-0118-3,2026-09-07,internal_transfer,450,45000,1
S-0118,E-0118-4,2026-08-15,payroll,450,45000,1
S-0118,E-0118-5,2026-10-04,government_benefit,25,2500,1
S-0118,E-0118-6,2026-09-22,etransfer,2000,200000,1
S-0119,E-0119-1,2026-08-28,pension,50,5000,1
S-0119,E-0119-2,2026-10-04,pension,1000,100000,1
S-0119,E-0119-3,2026-09-10,pension,25,2500,1
S-0119,E-0119-4,2026-08-24,internal_transfer,50,5000,1
S-0119,E-0119-5,2026-09-08,internal_transfer,2000,200000,1
S-0119,E-0119-6,2026-08-13,etransfer,150,15000,1
S-0120,E-0120-1,2026-09-25,exchange,200,20000,1
S-0120,E-0120-2,2026-09-18,government_benefit,450,45000,1
S-0120,E-0120-3,2026-09-12,exchange,1500,150000,1
S-0120,E-0120-4,2026-09-04,government_benefit,1000,100000,1
S-0120,E-0120-5,2026-08-12,exchange,450,45000,1
S-0120,E-0120-6,2026-08-19,internal_transfer,150,15000,1
S-0121,E-0121-1,2026-08-01,etransfer,200,20000,1
S-0121,E-0121-2,2026-10-07,pension,200,20000,1
S-0121,E-0121-3,2026-08-11,exchange,150,15000,1
S-0121,E-0121-4,2026-10-04,etransfer,1000,100000,1
S-0121,E-0121-5,2026-10-06,exchange,200,20000,1
S-0121,E-0121-6,2026-10-08,pension,1000,100000,1
S-0122,E-0122-1,2026-10-06,pension,100,10000,1
S-0122,E-0122-2,2026-10-08,etransfer,100,10000,1
S-0122,E-0122-3,2026-10-01,payroll,1500,150000,1
S-0122,E-0122-4,2026-08-27,payroll,25,2500,1
S-0122,E-0122-5,2026-09-05,payroll,150,15000,1
S-0122,E-0122-6,2026-10-03,pension,25,2500,1
S-0123,E-0123-1,2026-10-08,payroll,450,45000,1
S-0123,E-0123-2,2026-10-08,payroll,1000,100000,1
S-0123,E-0123-3,2026-08-18,exchange,1500,150000,1
S-0123,E-0123-4,2026-08-01,internal_transfer,1500,150000,1
S-0123,E-0123-5,2026-09-18,payroll,200,20000,1
S-0123,E-0123-6,2026-10-07,payroll,100,10000,1
S-0124,E-0124-1,2026-08-17,pension,100,10000,1
S-0124,E-0124-2,2026-08-20,government_benefit,1500,150000,1
S-0124,E-0124-3,2026-09-09,payroll,800,80000,1
S-0124,E-0124-4,2026-09-13,etransfer,1000,100000,1
S-0124,E-0124-5,2026-08-23,government_benefit,150,15000,1
S-0124,E-0124-6,2026-10-02,payroll,25,2500,1
S-0125,E-0125-1,2026-09-13,etransfer,800,80000,1
S-0125,E-0125-2,2026-09-02,internal_transfer,25,2500,1
S-0125,E-0125-3,2026-08-03,exchange,1000,100000,1
S-0125,E-0125-4,2026-10-06,payroll,2000,200000,1
S-0125,E-0125-5,2026-10-01,pension,150,15000,1
S-0125,E-0125-6,2026-10-08,payroll,200,20000,1
S-0126,E-0126-1,2026-08-22,etransfer,200,20000,1
S-0126,E-0126-2,2026-10-01,government_benefit,100,10000,1
S-0126,E-0126-3,2026-08-07,pension,2000,200000,1
S-0126,E-0126-4,2026-10-07,government_benefit,50,5000,1
S-0126,E-0126-5,2026-08-19,etransfer,150,15000,1
S-0126,E-0126-6,2026-09-22,government_benefit,1500,150000,1
S-0127,E-0127-1,2026-09-25,internal_transfer,100,10000,1
S-0127,E-0127-2,2026-10-02,internal_transfer,1500,150000,1
S-0127,E-0127-3,2026-09-02,exchange,50,5000,1
S-0127,E-0127-4,2026-08-27,government_benefit,50,5000,1
S-0127,E-0127-5,2026-10-07,payroll,450,45000,1
S-0127,E-0127-6,2026-10-05,exchange,1000,100000,1
S-0128,E-0128-1,2026-08-12,exchange,1500,150000,1
S-0128,E-0128-2,2026-09-06,internal_transfer,2000,200000,1
S-0128,E-0128-3,2026-09-03,government_benefit,2000,200000,1
S-0128,E-0128-4,2026-08-23,payroll,50,5000,1
S-0128,E-0128-5,2026-09-05,internal_transfer,800,80000,1
S-0128,E-0128-6,2026-10-03,government_benefit,800,80000,1
S-0129,E-0129-1,2026-09-04,payroll,50,5000,1
S-0129,E-0129-2,2026-09-15,government_benefit,450,45000,1
S-0129,E-0129-3,2026-08-05,pension,50,5000,1
S-0129,E-0129-4,2026-09-15,etransfer,1500,150000,1
S-0129,E-0129-5,2026-10-07,payroll,50,5000,1
S-0129,E-0129-6,2026-08-12,payroll,1500,150000,1
S-0130,E-0130-1,2026-10-06,payroll,800,80000,1
S-0130,E-0130-2,2026-09-14,payroll,800,80000,1
S-0130,E-0130-3,2026-10-04,etransfer,2000,200000,1
S-0130,E-0130-4,2026-08-22,pension,800,80000,1
S-0130,E-0130-5,2026-08-09,government_benefit,200,20000,1
S-0130,E-0130-6,2026-09-05,pension,50,5000,1
S-0131,E-0131-1,2026-09-09,government_benefit,800,80000,1
S-0131,E-0131-2,2026-09-26,government_benefit,50,5000,1
S-0131,E-0131-3,2026-09-08,etransfer,1000,100000,1
S-0131,E-0131-4,2026-10-04,payroll,1000,100000,1
S-0131,E-0131-5,2026-08-10,exchange,25,2500,1
S-0131,E-0131-6,2026-09-27,exchange,2000,200000,1
S-0132,E-0132-1,2026-09-15,exchange,450,45000,1
S-0132,E-0132-2,2026-10-03,government_benefit,200,20000,1
S-0132,E-0132-3,2026-10-04,government_benefit,1000,100000,1
S-0132,E-0132-4,2026-08-13,government_benefit,450,45000,1
S-0132,E-0132-5,2026-10-08,pension,2000,200000,1
S-0132,E-0132-6,2026-09-13,exchange,200,20000,1
S-0133,E-0133-1,2026-09-04,pension,2000,200000,1
S-0133,E-0133-2,2026-10-03,payroll,1500,150000,1
S-0133,E-0133-3,2026-10-08,exchange,150,15000,1
S-0133,E-0133-4,2026-09-27,exchange,50,5000,1
S-0133,E-0133-5,2026-10-08,internal_transfer,100,10000,1
S-0133,E-0133-6,2026-09-08,internal_transfer,200,20000,1
S-0134,E-0134-1,2026-08-23,exchange,800,80000,1
S-0134,E-0134-2,2026-08-15,exchange,2000,200000,1
S-0134,E-0134-3,2026-10-07,etransfer,1500,150000,1
S-0134,E-0134-4,2026-10-07,payroll,1500,150000,1
S-0134,E-0134-5,2026-09-23,etransfer,1500,150000,1
S-0134,E-0134-6,2026-10-02,pension,50,5000,1
S-0135,E-0135-1,2026-10-06,internal_transfer,100,10000,1
S-0135,E-0135-2,2026-10-01,internal_transfer,2000,200000,1
S-0135,E-0135-3,2026-10-07,exchange,450,45000,1
S-0135,E-0135-4,2026-08-01,government_benefit,50,5000,1
S-0135,E-0135-5,2026-08-17,etransfer,1500,150000,1
S-0135,E-0135-6,2026-10-04,government_benefit,1000,100000,1
S-0136,E-0136-1,2026-09-15,internal_transfer,2000,200000,1
S-0136,E-0136-2,2026-10-03,payroll,450,45000,1
S-0136,E-0136-3,2026-09-04,exchange,200,20000,1
S-0136,E-0136-4,2026-08-04,government_benefit,100,10000,1
S-0136,E-0136-5,2026-09-11,pension,1000,100000,1
S-0136,E-0136-6,2026-10-08,exchange,450,45000,1
S-0137,E-0137-1,2026-08-15,government_benefit,1000,100000,1
S-0137,E-0137-2,2026-08-10,internal_transfer,25,2500,1
S-0137,E-0137-3,2026-08-01,internal_transfer,450,45000,1
S-0137,E-0137-4,2026-08-22,internal_transfer,100,10000,1
S-0137,E-0137-5,2026-08-17,etransfer,100,10000,1
S-0137,E-0137-6,2026-08-11,exchange,1500,150000,1
S-0138,E-0138-1,2026-09-08,internal_transfer,800,80000,1
S-0138,E-0138-2,2026-08-06,exchange,800,80000,1
S-0138,E-0138-3,2026-08-24,pension,2000,200000,1
S-0138,E-0138-4,2026-09-19,exchange,800,80000,1
S-0138,E-0138-5,2026-08-23,pension,150,15000,1
S-0138,E-0138-6,2026-09-25,etransfer,50,5000,1
S-0139,E-0139-1,2026-08-26,pension,1500,150000,1
S-0139,E-0139-2,2026-09-11,exchange,150,15000,1
S-0139,E-0139-3,2026-08-09,etransfer,1000,100000,1
S-0139,E-0139-4,2026-10-06,exchange,2000,200000,1
S-0139,E-0139-5,2026-10-07,payroll,2000,200000,1
S-0139,E-0139-6,2026-09-12,etransfer,1000,100000,1
S-0140,E-0140-1,2026-08-27,etransfer,200,20000,1
S-0140,E-0140-2,2026-10-02,government_benefit,100,10000,1
S-0140,E-0140-3,2026-08-08,payroll,200,20000,1
S-0140,E-0140-4,2026-08-12,etransfer,100,10000,1
S-0140,E-0140-5,2026-09-14,pension,2000,200000,1
S-0140,E-0140-6,2026-10-07,pension,800,80000,1
S-0141,E-0141-1,2026-09-21,internal_transfer,1500,150000,1
S-0141,E-0141-2,2026-10-03,pension,1500,150000,1
S-0141,E-0141-3,2026-09-10,pension,100,10000,1
S-0141,E-0141-4,2026-09-27,etransfer,1000,100000,1
S-0141,E-0141-5,2026-08-28,payroll,450,45000,1
S-0141,E-0141-6,2026-09-05,exchange,150,15000,1
S-0142,E-0142-1,2026-10-08,internal_transfer,800,80000,1
S-0142,E-0142-2,2026-09-14,exchange,1000,100000,1
S-0142,E-0142-3,2026-08-03,payroll,2000,200000,1
S-0142,E-0142-4,2026-08-10,government_benefit,25,2500,1
S-0142,E-0142-5,2026-08-18,pension,200,20000,1
S-0142,E-0142-6,2026-09-19,etransfer,1000,100000,1
S-0143,E-0143-1,2026-10-02,payroll,2000,200000,1
S-0143,E-0143-2,2026-09-25,government_benefit,1500,150000,1
S-0143,E-0143-3,2026-10-01,etransfer,1000,100000,1
S-0143,E-0143-4,2026-08-14,internal_transfer,50,5000,1
S-0143,E-0143-5,2026-10-04,payroll,200,20000,1
S-0143,E-0143-6,2026-09-09,payroll,450,45000,1
S-0144,E-0144-1,2026-09-28,pension,50,5000,1
S-0144,E-0144-2,2026-08-26,internal_transfer,2000,200000,1
S-0144,E-0144-3,2026-09-28,internal_transfer,2000,200000,1
S-0144,E-0144-4,2026-09-06,pension,2000,200000,1
S-0144,E-0144-5,2026-08-27,payroll,150,15000,1
S-0144,E-0144-6,2026-10-06,government_benefit,1500,150000,1
S-0145,E-0145-1,2026-10-03,internal_transfer,450,45000,1
S-0145,E-0145-2,2026-09-10,government_benefit,2000,200000,1
S-0145,E-0145-3,2026-10-02,exchange,100,10000,1
S-0145,E-0145-4,2026-08-09,internal_transfer,100,10000,1
S-0145,E-0145-5,2026-08-08,internal_transfer,100,10000,1
S-0145,E-0145-6,2026-09-27,internal_transfer,150,15000,1
S-0146,E-0146-1,2026-09-16,etransfer,100,10000,1
S-0146,E-0146-2,2026-10-05,exchange,800,80000,1
S-0146,E-0146-3,2026-09-03,exchange,50,5000,1
S-0146,E-0146-4,2026-10-05,exchange,450,45000,1
S-0146,E-0146-5,2026-09-11,payroll,2000,200000,1
S-0146,E-0146-6,2026-10-02,internal_transfer,1000,100000,1
S-0147,E-0147-1,2026-10-06,etransfer,50,5000,1
S-0147,E-0147-2,2026-09-07,pension,800,80000,1
S-0147,E-0147-3,2026-09-09,government_benefit,450,45000,1
S-0147,E-0147-4,2026-09-18,pension,2000,200000,1
S-0147,E-0147-5,2026-10-08,internal_transfer,450,45000,1
S-0147,E-0147-6,2026-08-02,internal_transfer,50,5000,1
S-0148,E-0148-1,2026-09-01,pension,50,5000,1
S-0148,E-0148-2,2026-09-15,exchange,25,2500,1
S-0148,E-0148-3,2026-08-23,internal_transfer,100,10000,1
S-0148,E-0148-4,2026-09-06,payroll,200,20000,1
S-0148,E-0148-5,2026-10-06,payroll,200,20000,1
S-0148,E-0148-6,2026-09-22,payroll,100,10000,1
S-0149,E-0149-1,2026-09-21,internal_transfer,200,20000,1
S-0149,E-0149-2,2026-10-04,internal_transfer,800,80000,1
S-0149,E-0149-3,2026-08-23,payroll,50,5000,1
S-0149,E-0149-4,2026-08-16,pension,50,5000,1
S-0149,E-0149-5,2026-10-04,internal_transfer,1500,150000,1
S-0149,E-0149-6,2026-09-01,internal_transfer,25,2500,1
S-0150,E-0150-1,2026-09-27,exchange,50,5000,1
S-0150,E-0150-2,2026-10-03,payroll,1000,100000,1
S-0150,E-0150-3,2026-08-13,internal_transfer,50,5000,1
S-0150,E-0150-4,2026-08-04,government_benefit,450,45000,1
S-0150,E-0150-5,2026-09-05,pension,800,80000,1
S-0150,E-0150-6,2026-10-03,etransfer,50,5000,1
S-0151,E-0151-1,2026-10-01,internal_transfer,2000,200000,1
S-0151,E-0151-2,2026-08-15,internal_transfer,450,45000,1
S-0151,E-0151-3,2026-08-21,exchange,100,10000,1
S-0151,E-0151-4,2026-10-08,payroll,150,15000,1
S-0151,E-0151-5,2026-08-05,etransfer,50,5000,1
S-0151,E-0151-6,2026-10-07,exchange,450,45000,1
S-0152,E-0152-1,2026-09-26,pension,100,10000,1
S-0152,E-0152-2,2026-09-21,pension,50,5000,1
S-0152,E-0152-3,2026-10-05,internal_transfer,25,2500,1
S-0152,E-0152-4,2026-09-07,etransfer,1500,150000,1
S-0152,E-0152-5,2026-10-04,government_benefit,800,80000,1
S-0152,E-0152-6,2026-10-01,exchange,150,15000,1
S-0153,E-0153-1,2026-09-04,exchange,150,15000,1
S-0153,E-0153-2,2026-10-02,payroll,1500,150000,1
S-0153,E-0153-3,2026-09-11,exchange,100,10000,1
S-0153,E-0153-4,2026-10-07,etransfer,450,45000,1
S-0153,E-0153-5,2026-10-03,payroll,1000,100000,1
S-0153,E-0153-6,2026-08-19,payroll,50,5000,1
S-0154,E-0154-1,2026-09-07,payroll,25,2500,1
S-0154,E-0154-2,2026-09-17,internal_transfer,200,20000,1
S-0154,E-0154-3,2026-10-07,internal_transfer,800,80000,1
S-0154,E-0154-4,2026-09-03,etransfer,1500,150000,1
S-0154,E-0154-5,2026-10-03,payroll,200,20000,1
S-0154,E-0154-6,2026-09-03,pension,1500,150000,1
S-0155,E-0155-1,2026-08-18,exchange,450,45000,1
S-0155,E-0155-2,2026-10-02,internal_transfer,200,20000,1
S-0155,E-0155-3,2026-09-24,payroll,150,15000,1
S-0155,E-0155-4,2026-08-03,payroll,800,80000,1
S-0155,E-0155-5,2026-09-20,payroll,2000,200000,1
S-0155,E-0155-6,2026-09-22,payroll,100,10000,1
S-0156,E-0156-1,2026-08-23,internal_transfer,100,10000,1
S-0156,E-0156-2,2026-08-06,government_benefit,1000,100000,1
S-0156,E-0156-3,2026-10-05,government_benefit,100,10000,1
S-0156,E-0156-4,2026-08-24,internal_transfer,200,20000,1
S-0156,E-0156-5,2026-08-25,government_benefit,25,2500,1
S-0156,E-0156-6,2026-09-09,payroll,1500,150000,1
S-0157,E-0157-1,2026-09-23,internal_transfer,2000,200000,1
S-0157,E-0157-2,2026-08-16,etransfer,1000,100000,1
S-0157,E-0157-3,2026-09-02,etransfer,1000,100000,1
S-0157,E-0157-4,2026-08-12,government_benefit,100,10000,1
S-0157,E-0157-5,2026-08-19,pension,50,5000,1
S-0157,E-0157-6,2026-10-01,payroll,25,2500,1
S-0158,E-0158-1,2026-08-02,government_benefit,1000,100000,1
S-0158,E-0158-2,2026-09-05,payroll,100,10000,1
S-0158,E-0158-3,2026-10-07,government_benefit,150,15000,1
S-0158,E-0158-4,2026-08-14,government_benefit,450,45000,1
S-0158,E-0158-5,2026-08-19,payroll,450,45000,1
S-0158,E-0158-6,2026-10-01,pension,100,10000,1
S-0159,E-0159-1,2026-10-01,payroll,800,80000,1
S-0159,E-0159-2,2026-09-28,government_benefit,200,20000,1
S-0159,E-0159-3,2026-09-03,exchange,1500,150000,1
S-0159,E-0159-4,2026-08-12,government_benefit,150,15000,1
S-0159,E-0159-5,2026-10-05,pension,2000,200000,1
S-0159,E-0159-6,2026-09-12,exchange,2000,200000,1
S-0160,E-0160-1,2026-08-24,pension,1500,150000,1
S-0160,E-0160-2,2026-08-01,payroll,800,80000,1
S-0160,E-0160-3,2026-08-18,internal_transfer,450,45000,1
S-0160,E-0160-4,2026-10-01,payroll,450,45000,1
S-0160,E-0160-5,2026-10-07,payroll,200,20000,1
S-0160,E-0160-6,2026-08-17,exchange,150,15000,1
S-0161,E-0161-1,2026-09-02,internal_transfer,100,10000,1
S-0161,E-0161-2,2026-09-03,pension,25,2500,1
S-0161,E-0161-3,2026-10-07,exchange,450,45000,1
S-0161,E-0161-4,2026-10-02,payroll,2000,200000,1
S-0161,E-0161-5,2026-10-03,payroll,800,80000,1
S-0161,E-0161-6,2026-10-01,internal_transfer,800,80000,1
S-0162,E-0162-1,2026-08-08,government_benefit,200,20000,1
S-0162,E-0162-2,2026-09-26,internal_transfer,800,80000,1
S-0162,E-0162-3,2026-10-06,exchange,450,45000,1
S-0162,E-0162-4,2026-09-08,pension,50,5000,1
S-0162,E-0162-5,2026-08-25,payroll,2000,200000,1
S-0162,E-0162-6,2026-08-04,exchange,100,10000,1
S-0163,E-0163-1,2026-09-11,payroll,800,80000,1
S-0163,E-0163-2,2026-10-06,exchange,150,15000,1
S-0163,E-0163-3,2026-09-15,payroll,200,20000,1
S-0163,E-0163-4,2026-08-06,internal_transfer,200,20000,1
S-0163,E-0163-5,2026-10-01,government_benefit,150,15000,1
S-0163,E-0163-6,2026-08-03,government_benefit,150,15000,1
S-0164,E-0164-1,2026-09-17,internal_transfer,25,2500,1
S-0164,E-0164-2,2026-09-09,payroll,100,10000,1
S-0164,E-0164-3,2026-09-28,etransfer,1000,100000,1
S-0164,E-0164-4,2026-10-04,exchange,50,5000,1
S-0164,E-0164-5,2026-08-26,payroll,100,10000,1
S-0164,E-0164-6,2026-08-02,pension,150,15000,1
S-0165,E-0165-1,2026-08-27,government_benefit,800,80000,1
S-0165,E-0165-2,2026-10-02,etransfer,2000,200000,1
S-0165,E-0165-3,2026-09-27,payroll,50,5000,1
S-0165,E-0165-4,2026-08-07,pension,1000,100000,1
S-0165,E-0165-5,2026-08-28,payroll,450,45000,1
S-0165,E-0165-6,2026-08-15,pension,25,2500,1
S-0166,E-0166-1,2026-10-07,exchange,800,80000,1
S-0166,E-0166-2,2026-08-13,pension,800,80000,1
S-0166,E-0166-3,2026-09-07,government_benefit,100,10000,1
S-0166,E-0166-4,2026-09-15,payroll,100,10000,1
S-0166,E-0166-5,2026-10-04,exchange,200,20000,1
S-0166,E-0166-6,2026-09-18,payroll,1000,100000,1
S-0167,E-0167-1,2026-08-09,pension,800,80000,1
S-0167,E-0167-2,2026-09-07,pension,1500,150000,1
S-0167,E-0167-3,2026-10-01,internal_transfer,800,80000,1
S-0167,E-0167-4,2026-09-16,exchange,1500,150000,1
S-0167,E-0167-5,2026-09-19,government_benefit,1500,150000,1
S-0167,E-0167-6,2026-09-09,payroll,100,10000,1
S-0168,E-0168-1,2026-09-20,payroll,150,15000,1
S-0168,E-0168-2,2026-09-02,etransfer,1000,100000,1
S-0168,E-0168-3,2026-09-25,pension,2000,200000,1
S-0168,E-0168-4,2026-08-04,internal_transfer,150,15000,1
S-0168,E-0168-5,2026-08-09,internal_transfer,1500,150000,1
S-0168,E-0168-6,2026-08-25,etransfer,150,15000,1
S-0169,E-0169-1,2026-09-12,pension,100,10000,1
S-0169,E-0169-2,2026-08-19,internal_transfer,450,45000,1
S-0169,E-0169-3,2026-10-06,payroll,2000,200000,1
S-0169,E-0169-4,2026-10-06,etransfer,2000,200000,1
S-0169,E-0169-5,2026-08-19,exchange,150,15000,1
S-0169,E-0169-6,2026-10-05,exchange,100,10000,1
S-0170,E-0170-1,2026-08-03,pension,25,2500,1
S-0170,E-0170-2,2026-10-04,etransfer,25,2500,1
S-0170,E-0170-3,2026-09-01,etransfer,450,45000,1
S-0170,E-0170-4,2026-08-26,government_benefit,100,10000,1
S-0170,E-0170-5,2026-10-03,payroll,450,45000,1
S-0170,E-0170-6,2026-08-05,internal_transfer,2000,200000,1
S-0171,E-0171-1,2026-08-25,etransfer,50,5000,1
S-0171,E-0171-2,2026-09-03,internal_transfer,450,45000,1
S-0171,E-0171-3,2026-10-07,payroll,2000,200000,1
S-0171,E-0171-4,2026-09-10,pension,450,45000,1
S-0171,E-0171-5,2026-08-24,internal_transfer,800,80000,1
S-0171,E-0171-6,2026-09-21,pension,450,45000,1
S-0172,E-0172-1,2026-10-06,internal_transfer,150,15000,1
S-0172,E-0172-2,2026-10-03,government_benefit,800,80000,1
S-0172,E-0172-3,2026-10-05,pension,100,10000,1
S-0172,E-0172-4,2026-10-01,exchange,2000,200000,1
S-0172,E-0172-5,2026-10-01,etransfer,100,10000,1
S-0172,E-0172-6,2026-09-26,pension,2000,200000,1
S-0173,E-0173-1,2026-10-02,pension,1000,100000,1
S-0173,E-0173-2,2026-09-24,pension,50,5000,1
S-0173,E-0173-3,2026-09-11,internal_transfer,100,10000,1
S-0173,E-0173-4,2026-08-27,exchange,450,45000,1
S-0173,E-0173-5,2026-08-09,pension,150,15000,1
S-0173,E-0173-6,2026-10-02,government_benefit,450,45000,1
S-0174,E-0174-1,2026-08-24,payroll,25,2500,1
S-0174,E-0174-2,2026-09-15,pension,800,80000,1
S-0174,E-0174-3,2026-09-16,government_benefit,800,80000,1
S-0174,E-0174-4,2026-10-07,exchange,50,5000,1
S-0174,E-0174-5,2026-10-04,exchange,100,10000,1
S-0174,E-0174-6,2026-08-26,government_benefit,25,2500,1
S-0175,E-0175-1,2026-08-11,payroll,200,20000,1
S-0175,E-0175-2,2026-08-11,exchange,100,10000,1
S-0175,E-0175-3,2026-08-24,etransfer,50,5000,1
S-0175,E-0175-4,2026-08-11,etransfer,2000,200000,1
S-0175,E-0175-5,2026-09-23,exchange,25,2500,1
S-0175,E-0175-6,2026-10-03,exchange,2000,200000,1
S-0176,E-0176-1,2026-08-02,government_benefit,50,5000,1
S-0176,E-0176-2,2026-08-07,internal_transfer,800,80000,1
S-0176,E-0176-3,2026-10-05,government_benefit,200,20000,1
S-0176,E-0176-4,2026-08-04,exchange,25,2500,1
S-0176,E-0176-5,2026-10-08,payroll,100,10000,1
S-0176,E-0176-6,2026-09-01,payroll,800,80000,1
S-0177,E-0177-1,2026-09-27,exchange,2000,200000,1
S-0177,E-0177-2,2026-08-04,pension,25,2500,1
S-0177,E-0177-3,2026-08-21,payroll,200,20000,1
S-0177,E-0177-4,2026-09-28,government_benefit,50,5000,1
S-0177,E-0177-5,2026-09-16,internal_transfer,1000,100000,1
S-0177,E-0177-6,2026-09-03,exchange,1500,150000,1
S-0178,E-0178-1,2026-08-12,government_benefit,800,80000,1
S-0178,E-0178-2,2026-08-15,government_benefit,25,2500,1
S-0178,E-0178-3,2026-09-15,pension,200,20000,1
S-0178,E-0178-4,2026-09-19,pension,25,2500,1
S-0178,E-0178-5,2026-10-02,internal_transfer,50,5000,1
S-0178,E-0178-6,2026-09-26,exchange,1500,150000,1
S-0179,E-0179-1,2026-10-04,payroll,1500,150000,1
S-0179,E-0179-2,2026-09-27,exchange,1500,150000,1
S-0179,E-0179-3,2026-10-08,pension,2000,200000,1
S-0179,E-0179-4,2026-09-10,exchange,50,5000,1
S-0179,E-0179-5,2026-10-01,etransfer,1500,150000,1
S-0179,E-0179-6,2026-10-03,exchange,50,5000,1
S-0180,E-0180-1,2026-08-06,pension,150,15000,1
S-0180,E-0180-2,2026-08-02,payroll,800,80000,1
S-0180,E-0180-3,2026-10-07,internal_transfer,150,15000,1
S-0180,E-0180-4,2026-08-27,government_benefit,2000,200000,1
S-0180,E-0180-5,2026-09-24,payroll,50,5000,1
S-0180,E-0180-6,2026-09-18,etransfer,800,80000,1
S-0181,E-0181-1,2026-09-28,etransfer,200,20000,1
S-0181,E-0181-2,2026-09-28,internal_transfer,25,2500,1
S-0181,E-0181-3,2026-10-07,exchange,50,5000,1
S-0181,E-0181-4,2026-08-05,etransfer,2000,200000,1
S-0181,E-0181-5,2026-10-02,etransfer,50,5000,1
S-0181,E-0181-6,2026-08-26,etransfer,200,20000,1
S-0182,E-0182-1,2026-09-14,exchange,200,20000,1
S-0182,E-0182-2,2026-10-08,etransfer,2000,200000,1
S-0182,E-0182-3,2026-09-02,government_benefit,100,10000,1
S-0182,E-0182-4,2026-09-05,etransfer,2000,200000,1
S-0182,E-0182-5,2026-10-07,exchange,25,2500,1
S-0182,E-0182-6,2026-09-23,payroll,150,15000,1
S-0183,E-0183-1,2026-10-08,government_benefit,200,20000,1
S-0183,E-0183-2,2026-08-11,government_benefit,200,20000,1
S-0183,E-0183-3,2026-09-27,internal_transfer,1000,100000,1
S-0183,E-0183-4,2026-10-02,pension,150,15000,1
S-0183,E-0183-5,2026-09-24,government_benefit,1000,100000,1
S-0183,E-0183-6,2026-09-24,etransfer,800,80000,1
S-0184,E-0184-1,2026-10-02,exchange,150,15000,1
S-0184,E-0184-2,2026-08-27,internal_transfer,800,80000,1
S-0184,E-0184-3,2026-09-25,government_benefit,1500,150000,1
S-0184,E-0184-4,2026-08-17,payroll,100,10000,1
S-0184,E-0184-5,2026-09-23,exchange,1500,150000,1
S-0184,E-0184-6,2026-08-25,etransfer,1500,150000,1
S-0185,E-0185-1,2026-08-06,pension,150,15000,1
S-0185,E-0185-2,2026-08-08,exchange,25,2500,1
S-0185,E-0185-3,2026-08-12,government_benefit,150,15000,1
S-0185,E-0185-4,2026-09-27,etransfer,1000,100000,1
S-0185,E-0185-5,2026-09-21,internal_transfer,50,5000,1
S-0185,E-0185-6,2026-08-08,exchange,450,45000,1
S-0186,E-0186-1,2026-10-08,exchange,100,10000,1
S-0186,E-0186-2,2026-10-06,pension,450,45000,1
S-0186,E-0186-3,2026-09-24,government_benefit,50,5000,1
S-0186,E-0186-4,2026-08-13,pension,25,2500,1
S-0186,E-0186-5,2026-10-04,internal_transfer,150,15000,1
S-0186,E-0186-6,2026-08-22,government_benefit,150,15000,1
S-0187,E-0187-1,2026-10-07,payroll,1500,150000,1
S-0187,E-0187-2,2026-10-01,pension,1000,100000,1
S-0187,E-0187-3,2026-10-03,payroll,2000,200000,1
S-0187,E-0187-4,2026-08-09,government_benefit,2000,200000,1
S-0187,E-0187-5,2026-10-05,exchange,800,80000,1
S-0187,E-0187-6,2026-09-15,pension,200,20000,1
S-0188,E-0188-1,2026-09-10,etransfer,1500,150000,1
S-0188,E-0188-2,2026-09-19,payroll,50,5000,1
S-0188,E-0188-3,2026-10-06,internal_transfer,1500,150000,1
S-0188,E-0188-4,2026-10-05,internal_transfer,200,20000,1
S-0188,E-0188-5,2026-08-16,government_benefit,50,5000,1
S-0188,E-0188-6,2026-09-21,government_benefit,450,45000,1
S-0189,E-0189-1,2026-09-21,pension,200,20000,1
S-0189,E-0189-2,2026-08-17,payroll,150,15000,1
S-0189,E-0189-3,2026-10-07,internal_transfer,450,45000,1
S-0189,E-0189-4,2026-08-24,internal_transfer,25,2500,1
S-0189,E-0189-5,2026-09-10,exchange,200,20000,1
S-0189,E-0189-6,2026-09-13,etransfer,25,2500,1
S-0190,E-0190-1,2026-10-04,internal_transfer,450,45000,1
S-0190,E-0190-2,2026-10-04,internal_transfer,1500,150000,1
S-0190,E-0190-3,2026-09-22,etransfer,450,45000,1
S-0190,E-0190-4,2026-09-28,internal_transfer,100,10000,1
S-0190,E-0190-5,2026-10-03,payroll,200,20000,1
S-0190,E-0190-6,2026-09-05,internal_transfer,200,20000,1
S-0191,E-0191-1,2026-10-03,internal_transfer,450,45000,1
S-0191,E-0191-2,2026-08-08,pension,450,45000,1
S-0191,E-0191-3,2026-10-05,government_benefit,800,80000,1
S-0191,E-0191-4,2026-09-09,government_benefit,2000,200000,1
S-0191,E-0191-5,2026-09-28,exchange,50,5000,1
S-0191,E-0191-6,2026-08-28,etransfer,2000,200000,1
S-0192,E-0192-1,2026-10-02,pension,1000,100000,1
S-0192,E-0192-2,2026-10-02,etransfer,800,80000,1
S-0192,E-0192-3,2026-09-14,pension,25,2500,1
S-0192,E-0192-4,2026-08-07,exchange,450,45000,1
S-0192,E-0192-5,2026-10-08,government_benefit,100,10000,1
S-0192,E-0192-6,2026-10-03,exchange,50,5000,1
S-0193,E-0193-1,2026-09-21,government_benefit,100,10000,1
S-0193,E-0193-2,2026-10-01,exchange,25,2500,1
S-0193,E-0193-3,2026-09-07,etransfer,100,10000,1
S-0193,E-0193-4,2026-08-16,pension,50,5000,1
S-0193,E-0193-5,2026-10-07,exchange,800,80000,1
S-0193,E-0193-6,2026-09-16,payroll,800,80000,1
S-0194,E-0194-1,2026-08-18,internal_transfer,150,15000,1
S-0194,E-0194-2,2026-09-01,etransfer,450,45000,1
S-0194,E-0194-3,2026-08-01,internal_transfer,25,2500,1
S-0194,E-0194-4,2026-10-04,internal_transfer,150,15000,1
S-0194,E-0194-5,2026-09-10,payroll,100,10000,1
S-0194,E-0194-6,2026-09-17,government_benefit,2000,200000,1
S-0195,E-0195-1,2026-08-03,government_benefit,25,2500,1
S-0195,E-0195-2,2026-09-15,etransfer,1500,150000,1
S-0195,E-0195-3,2026-10-06,internal_transfer,800,80000,1
S-0195,E-0195-4,2026-08-11,government_benefit,1000,100000,1
S-0195,E-0195-5,2026-08-06,payroll,800,80000,1
S-0195,E-0195-6,2026-08-08,pension,100,10000,1
S-0196,E-0196-1,2026-10-01,etransfer,2000,200000,1
S-0196,E-0196-2,2026-08-04,internal_transfer,450,45000,1
S-0196,E-0196-3,2026-10-01,internal_transfer,800,80000,1
S-0196,E-0196-4,2026-09-25,etransfer,1500,150000,1
S-0196,E-0196-5,2026-08-20,internal_transfer,25,2500,1
S-0196,E-0196-6,2026-08-21,payroll,25,2500,1
S-0197,E-0197-1,2026-10-02,exchange,800,80000,1
S-0197,E-0197-2,2026-09-04,government_benefit,1500,150000,1
S-0197,E-0197-3,2026-09-23,pension,100,10000,1
S-0197,E-0197-4,2026-10-01,exchange,200,20000,1
S-0197,E-0197-5,2026-10-02,government_benefit,1500,150000,1
S-0197,E-0197-6,2026-10-03,payroll,800,80000,1
S-0198,E-0198-1,2026-10-02,payroll,200,20000,1
S-0198,E-0198-2,2026-08-16,etransfer,150,15000,1
S-0198,E-0198-3,2026-08-25,etransfer,200,20000,1
S-0198,E-0198-4,2026-08-12,government_benefit,800,80000,1
S-0198,E-0198-5,2026-08-02,exchange,1500,150000,1
S-0198,E-0198-6,2026-08-23,government_benefit,1000,100000,1
S-0199,E-0199-1,2026-08-01,internal_transfer,25,2500,1
S-0199,E-0199-2,2026-08-04,internal_transfer,2000,200000,1
S-0199,E-0199-3,2026-09-05,etransfer,50,5000,1
S-0199,E-0199-4,2026-08-24,government_benefit,50,5000,1
S-0199,E-0199-5,2026-10-04,government_benefit,1000,100000,1
S-0199,E-0199-6,2026-09-15,payroll,25,2500,1
S-0200,E-0200-1,2026-08-28,government_benefit,25,2500,1
S-0200,E-0200-2,2026-09-26,exchange,450,45000,1
S-0200,E-0200-3,2026-10-02,payroll,50,5000,1
S-0200,E-0200-4,2026-08-28,internal_transfer,100,10000,1
S-0200,E-0200-5,2026-10-03,government_benefit,450,45000,1
S-0200,E-0200-6,2026-09-20,internal_transfer,200,20000,1
S-0201,E-0201-1,2026-08-12,pension,450,45000,1
S-0201,E-0201-2,2026-08-13,exchange,800,80000,1
S-0201,E-0201-3,2026-09-27,internal_transfer,800,80000,1
S-0201,E-0201-4,2026-09-26,internal_transfer,800,80000,1
S-0201,E-0201-5,2026-08-04,internal_transfer,100,10000,1
S-0201,E-0201-6,2026-10-01,payroll,100,10000,1
S-0202,E-0202-1,2026-09-19,etransfer,1000,100000,1
S-0202,E-0202-2,2026-10-08,etransfer,100,10000,1
S-0202,E-0202-3,2026-09-25,etransfer,450,45000,1
S-0202,E-0202-4,2026-08-28,exchange,100,10000,1
S-0202,E-0202-5,2026-09-04,exchange,800,80000,1
S-0202,E-0202-6,2026-08-03,internal_transfer,200,20000,1
S-0203,E-0203-1,2026-09-01,internal_transfer,1500,150000,1
S-0203,E-0203-2,2026-10-04,etransfer,450,45000,1
S-0203,E-0203-3,2026-10-02,internal_transfer,800,80000,1
S-0203,E-0203-4,2026-10-04,government_benefit,1000,100000,1
S-0203,E-0203-5,2026-10-07,etransfer,100,10000,1
S-0203,E-0203-6,2026-10-01,internal_transfer,25,2500,1
S-0204,E-0204-1,2026-08-17,exchange,1000,100000,1
S-0204,E-0204-2,2026-08-03,government_benefit,1000,100000,1
S-0204,E-0204-3,2026-08-11,payroll,200,20000,1
S-0204,E-0204-4,2026-10-04,internal_transfer,1500,150000,1
S-0204,E-0204-5,2026-09-13,payroll,150,15000,1
S-0204,E-0204-6,2026-09-15,exchange,2000,200000,1
S-0205,E-0205-1,2026-08-28,exchange,1000,100000,1
S-0205,E-0205-2,2026-09-04,internal_transfer,1000,100000,1
S-0205,E-0205-3,2026-10-01,exchange,50,5000,1
S-0205,E-0205-4,2026-09-02,etransfer,1500,150000,1
S-0205,E-0205-5,2026-08-27,etransfer,50,5000,1
S-0205,E-0205-6,2026-10-05,etransfer,1500,150000,1
S-0206,E-0206-1,2026-08-21,government_benefit,1000,100000,1
S-0206,E-0206-2,2026-09-27,pension,25,2500,1
S-0206,E-0206-3,2026-09-11,etransfer,1500,150000,1
S-0206,E-0206-4,2026-10-08,internal_transfer,450,45000,1
S-0206,E-0206-5,2026-09-04,internal_transfer,50,5000,1
S-0206,E-0206-6,2026-08-01,government_benefit,450,45000,1
S-0207,E-0207-1,2026-10-05,etransfer,1500,150000,1
S-0207,E-0207-2,2026-09-23,payroll,50,5000,1
S-0207,E-0207-3,2026-08-16,internal_transfer,100,10000,1
S-0207,E-0207-4,2026-10-07,government_benefit,50,5000,1
S-0207,E-0207-5,2026-10-04,payroll,150,15000,1
S-0207,E-0207-6,2026-09-07,pension,1000,100000,1
S-0208,E-0208-1,2026-10-06,exchange,50,5000,1
S-0208,E-0208-2,2026-08-21,payroll,2000,200000,1
S-0208,E-0208-3,2026-09-15,etransfer,2000,200000,1
S-0208,E-0208-4,2026-08-16,etransfer,25,2500,1
S-0208,E-0208-5,2026-10-01,exchange,1500,150000,1
S-0208,E-0208-6,2026-10-08,pension,1500,150000,1
S-0209,E-0209-1,2026-10-03,payroll,100,10000,1
S-0209,E-0209-2,2026-09-22,etransfer,2000,200000,1
S-0209,E-0209-3,2026-09-17,exchange,800,80000,1
S-0209,E-0209-4,2026-10-04,exchange,200,20000,1
S-0209,E-0209-5,2026-09-10,pension,1000,100000,1
S-0209,E-0209-6,2026-08-14,internal_transfer,2000,200000,1
S-0210,E-0210-1,2026-10-05,government_benefit,1500,150000,1
S-0210,E-0210-2,2026-10-04,pension,150,15000,1
S-0210,E-0210-3,2026-10-05,internal_transfer,450,45000,1
S-0210,E-0210-4,2026-08-23,etransfer,100,10000,1
S-0210,E-0210-5,2026-10-06,government_benefit,50,5000,1
S-0210,E-0210-6,2026-10-08,etransfer,2000,200000,1
S-0211,E-0211-1,2026-10-07,government_benefit,1500,150000,1
S-0211,E-0211-2,2026-09-26,etransfer,25,2500,1
S-0211,E-0211-3,2026-08-01,pension,800,80000,1
S-0211,E-0211-4,2026-08-22,pension,25,2500,1
S-0211,E-0211-5,2026-09-25,government_benefit,100,10000,1
S-0211,E-0211-6,2026-10-05,payroll,100,10000,1
S-0212,E-0212-1,2026-10-05,etransfer,150,15000,1
S-0212,E-0212-2,2026-08-12,payroll,1000,100000,1
S-0212,E-0212-3,2026-10-04,exchange,1500,150000,1
S-0212,E-0212-4,2026-08-17,internal_transfer,200,20000,1
S-0212,E-0212-5,2026-10-01,exchange,800,80000,1
S-0212,E-0212-6,2026-09-26,etransfer,450,45000,1
S-0213,E-0213-1,2026-08-01,pension,200,20000,1
S-0213,E-0213-2,2026-10-08,internal_transfer,150,15000,1
S-0213,E-0213-3,2026-10-06,etransfer,2000,200000,1
S-0213,E-0213-4,2026-10-04,government_benefit,150,15000,1
S-0213,E-0213-5,2026-09-06,pension,50,5000,1
S-0213,E-0213-6,2026-08-24,payroll,1500,150000,1
S-0214,E-0214-1,2026-09-02,government_benefit,800,80000,1
S-0214,E-0214-2,2026-10-05,pension,100,10000,1
S-0214,E-0214-3,2026-10-05,government_benefit,25,2500,1
S-0214,E-0214-4,2026-09-23,payroll,100,10000,1
S-0214,E-0214-5,2026-08-11,payroll,2000,200000,1
S-0214,E-0214-6,2026-10-05,etransfer,1000,100000,1
S-0215,E-0215-1,2026-10-06,internal_transfer,50,5000,1
S-0215,E-0215-2,2026-09-17,pension,150,15000,1
S-0215,E-0215-3,2026-10-02,pension,1500,150000,1
S-0215,E-0215-4,2026-09-18,exchange,1500,150000,1
S-0215,E-0215-5,2026-08-12,pension,150,15000,1
S-0215,E-0215-6,2026-10-06,government_benefit,450,45000,1
S-0216,E-0216-1,2026-09-07,etransfer,2000,200000,1
S-0216,E-0216-2,2026-09-18,payroll,25,2500,1
S-0216,E-0216-3,2026-10-06,pension,1000,100000,1
S-0216,E-0216-4,2026-10-04,internal_transfer,25,2500,1
S-0216,E-0216-5,2026-09-13,exchange,50,5000,1
S-0216,E-0216-6,2026-09-18,payroll,200,20000,1
S-0217,E-0217-1,2026-10-06,etransfer,1500,150000,1
S-0217,E-0217-2,2026-09-16,government_benefit,25,2500,1
S-0217,E-0217-3,2026-10-04,etransfer,450,45000,1
S-0217,E-0217-4,2026-08-04,etransfer,100,10000,1
S-0217,E-0217-5,2026-10-01,pension,50,5000,1
S-0217,E-0217-6,2026-10-04,payroll,800,80000,1
S-0218,E-0218-1,2026-08-18,internal_transfer,800,80000,1
S-0218,E-0218-2,2026-08-24,payroll,100,10000,1
S-0218,E-0218-3,2026-09-23,payroll,450,45000,1
S-0218,E-0218-4,2026-08-03,pension,25,2500,1
S-0218,E-0218-5,2026-09-18,etransfer,50,5000,1
S-0218,E-0218-6,2026-08-09,exchange,800,80000,1
S-0219,E-0219-1,2026-09-21,exchange,800,80000,1
S-0219,E-0219-2,2026-09-01,internal_transfer,800,80000,1
S-0219,E-0219-3,2026-08-18,internal_transfer,25,2500,1
S-0219,E-0219-4,2026-10-02,payroll,2000,200000,1
S-0219,E-0219-5,2026-10-02,etransfer,450,45000,1
S-0219,E-0219-6,2026-08-10,etransfer,200,20000,1
S-0220,E-0220-1,2026-08-10,exchange,1000,100000,1
S-0220,E-0220-2,2026-09-27,exchange,25,2500,1
S-0220,E-0220-3,2026-08-18,pension,150,15000,1
S-0220,E-0220-4,2026-10-07,government_benefit,1500,150000,1
S-0220,E-0220-5,2026-10-03,internal_transfer,200,20000,1
S-0220,E-0220-6,2026-10-06,etransfer,25,2500,1
S-0221,E-0221-1,2026-10-03,payroll,50,5000,1
S-0221,E-0221-2,2026-08-19,exchange,2000,200000,1
S-0221,E-0221-3,2026-10-02,pension,200,20000,1
S-0221,E-0221-4,2026-10-06,exchange,150,15000,1
S-0221,E-0221-5,2026-10-03,pension,100,10000,1
S-0221,E-0221-6,2026-08-20,pension,200,20000,1
S-0222,E-0222-1,2026-08-06,payroll,2000,200000,1
S-0222,E-0222-2,2026-10-08,payroll,1500,150000,1
S-0222,E-0222-3,2026-09-22,government_benefit,50,5000,1
S-0222,E-0222-4,2026-08-07,exchange,2000,200000,1
S-0222,E-0222-5,2026-09-12,internal_transfer,100,10000,1
S-0222,E-0222-6,2026-10-04,government_benefit,50,5000,1
S-0223,E-0223-1,2026-10-02,government_benefit,150,15000,1
S-0223,E-0223-2,2026-09-15,etransfer,450,45000,1
S-0223,E-0223-3,2026-10-05,pension,2000,200000,1
S-0223,E-0223-4,2026-10-06,exchange,450,45000,1
S-0223,E-0223-5,2026-08-01,pension,450,45000,1
S-0223,E-0223-6,2026-08-23,government_benefit,800,80000,1
S-0224,E-0224-1,2026-09-05,exchange,450,45000,1
S-0224,E-0224-2,2026-09-15,government_benefit,450,45000,1
S-0224,E-0224-3,2026-09-18,pension,50,5000,1
S-0224,E-0224-4,2026-10-02,pension,200,20000,1
S-0224,E-0224-5,2026-10-04,internal_transfer,200,20000,1
S-0224,E-0224-6,2026-10-02,payroll,50,5000,1
S-0225,E-0225-1,2026-10-01,etransfer,2000,200000,1
S-0225,E-0225-2,2026-09-25,pension,2000,200000,1
S-0225,E-0225-3,2026-08-18,etransfer,200,20000,1
S-0225,E-0225-4,2026-10-08,government_benefit,100,10000,1
S-0225,E-0225-5,2026-09-08,internal_transfer,2000,200000,1
S-0225,E-0225-6,2026-09-05,etransfer,1000,100000,1
S-0226,E-0226-1,2026-10-02,government_benefit,800,80000,1
S-0226,E-0226-2,2026-10-01,etransfer,150,15000,1
S-0226,E-0226-3,2026-10-03,pension,1500,150000,1
S-0226,E-0226-4,2026-09-06,etransfer,100,10000,1
S-0226,E-0226-5,2026-10-03,government_benefit,1000,100000,1
S-0226,E-0226-6,2026-08-08,pension,1000,100000,1
S-0227,E-0227-1,2026-08-09,pension,450,45000,1
S-0227,E-0227-2,2026-08-22,etransfer,150,15000,1
S-0227,E-0227-3,2026-09-13,exchange,1000,100000,1
S-0227,E-0227-4,2026-08-02,payroll,450,45000,1
S-0227,E-0227-5,2026-10-05,etransfer,200,20000,1
S-0227,E-0227-6,2026-10-03,internal_transfer,800,80000,1
S-0228,E-0228-1,2026-09-12,internal_transfer,2000,200000,1
S-0228,E-0228-2,2026-08-17,exchange,200,20000,1
S-0228,E-0228-3,2026-08-17,government_benefit,800,80000,1
S-0228,E-0228-4,2026-09-16,etransfer,1000,100000,1
S-0228,E-0228-5,2026-08-17,exchange,100,10000,1
S-0228,E-0228-6,2026-08-08,etransfer,50,5000,1
S-0229,E-0229-1,2026-10-05,pension,150,15000,1
S-0229,E-0229-2,2026-08-06,etransfer,450,45000,1
S-0229,E-0229-3,2026-10-02,exchange,150,15000,1
S-0229,E-0229-4,2026-09-24,exchange,50,5000,1
S-0229,E-0229-5,2026-10-08,pension,1000,100000,1
S-0229,E-0229-6,2026-10-03,payroll,800,80000,1
S-0230,E-0230-1,2026-08-02,etransfer,100,10000,1
S-0230,E-0230-2,2026-10-03,internal_transfer,100,10000,1
S-0230,E-0230-3,2026-10-01,pension,2000,200000,1
S-0230,E-0230-4,2026-08-06,pension,200,20000,1
S-0230,E-0230-5,2026-10-07,etransfer,2000,200000,1
S-0230,E-0230-6,2026-10-01,payroll,200,20000,1
S-0231,E-0231-1,2026-08-15,exchange,2000,200000,1
S-0231,E-0231-2,2026-09-06,exchange,150,15000,1
S-0231,E-0231-3,2026-10-03,pension,2000,200000,1
S-0231,E-0231-4,2026-10-05,internal_transfer,100,10000,1
S-0231,E-0231-5,2026-10-06,etransfer,1000,100000,1
S-0231,E-0231-6,2026-10-02,exchange,150,15000,1
S-0232,E-0232-1,2026-09-05,payroll,50,5000,1
S-0232,E-0232-2,2026-08-17,internal_transfer,1500,150000,1
S-0232,E-0232-3,2026-09-27,etransfer,100,10000,1
S-0232,E-0232-4,2026-08-06,etransfer,1000,100000,1
S-0232,E-0232-5,2026-10-01,etransfer,1500,150000,1
S-0232,E-0232-6,2026-08-03,internal_transfer,1000,100000,1
S-0233,E-0233-1,2026-08-20,payroll,1500,150000,1
S-0233,E-0233-2,2026-10-07,exchange,1500,150000,1
S-0233,E-0233-3,2026-09-28,internal_transfer,25,2500,1
S-0233,E-0233-4,2026-10-07,exchange,150,15000,1
S-0233,E-0233-5,2026-09-12,internal_transfer,2000,200000,1
S-0233,E-0233-6,2026-10-02,pension,800,80000,1
S-0234,E-0234-1,2026-09-16,payroll,150,15000,1
S-0234,E-0234-2,2026-09-20,exchange,1500,150000,1
S-0234,E-0234-3,2026-09-07,internal_transfer,25,2500,1
S-0234,E-0234-4,2026-10-01,etransfer,2000,200000,1
S-0234,E-0234-5,2026-08-17,exchange,25,2500,1
S-0234,E-0234-6,2026-10-04,exchange,450,45000,1
S-0235,E-0235-1,2026-09-04,exchange,100,10000,1
S-0235,E-0235-2,2026-10-05,etransfer,200,20000,1
S-0235,E-0235-3,2026-09-19,etransfer,450,45000,1
S-0235,E-0235-4,2026-09-22,pension,800,80000,1
S-0235,E-0235-5,2026-09-18,exchange,1500,150000,1
S-0235,E-0235-6,2026-08-12,etransfer,1500,150000,1
S-0236,E-0236-1,2026-09-09,etransfer,200,20000,1
S-0236,E-0236-2,2026-09-25,internal_transfer,800,80000,1
S-0236,E-0236-3,2026-08-28,internal_transfer,50,5000,1
S-0236,E-0236-4,2026-08-15,payroll,100,10000,1
S-0236,E-0236-5,2026-08-17,government_benefit,800,80000,1
S-0236,E-0236-6,2026-10-01,exchange,100,10000,1
S-0237,E-0237-1,2026-10-01,pension,50,5000,1
S-0237,E-0237-2,2026-09-20,payroll,800,80000,1
S-0237,E-0237-3,2026-08-09,government_benefit,150,15000,1
S-0237,E-0237-4,2026-08-20,internal_transfer,25,2500,1
S-0237,E-0237-5,2026-09-13,internal_transfer,2000,200000,1
S-0237,E-0237-6,2026-10-05,payroll,2000,200000,1
S-0238,E-0238-1,2026-08-21,exchange,1000,100000,1
S-0238,E-0238-2,2026-08-07,government_benefit,1500,150000,1
S-0238,E-0238-3,2026-08-02,etransfer,2000,200000,1
S-0238,E-0238-4,2026-10-04,pension,2000,200000,1
S-0238,E-0238-5,2026-10-01,pension,450,45000,1
S-0238,E-0238-6,2026-10-01,payroll,100,10000,1
S-0239,E-0239-1,2026-09-25,government_benefit,800,80000,1
S-0239,E-0239-2,2026-10-07,etransfer,800,80000,1
S-0239,E-0239-3,2026-08-17,internal_transfer,25,2500,1
S-0239,E-0239-4,2026-10-02,etransfer,50,5000,1
S-0239,E-0239-5,2026-09-24,etransfer,1500,150000,1
S-0239,E-0239-6,2026-09-12,pension,200,20000,1
S-0240,E-0240-1,2026-10-04,exchange,1000,100000,1
S-0240,E-0240-2,2026-10-01,pension,200,20000,1
S-0240,E-0240-3,2026-09-17,etransfer,50,5000,1
S-0240,E-0240-4,2026-08-17,government_benefit,200,20000,1
S-0240,E-0240-5,2026-08-26,government_benefit,1500,150000,1
S-0240,E-0240-6,2026-10-05,exchange,1000,100000,1
S-0241,E-0241-1,2026-10-08,government_benefit,150,15000,1
S-0241,E-0241-2,2026-09-22,etransfer,1000,100000,1
S-0241,E-0241-3,2026-08-16,government_benefit,50,5000,1
S-0241,E-0241-4,2026-08-13,internal_transfer,150,15000,1
S-0241,E-0241-5,2026-10-04,exchange,450,45000,1
S-0241,E-0241-6,2026-09-17,payroll,1500,150000,1
S-0242,E-0242-1,2026-10-05,government_benefit,150,15000,1
S-0242,E-0242-2,2026-08-13,payroll,450,45000,1
S-0242,E-0242-3,2026-10-03,government_benefit,1000,100000,1
S-0242,E-0242-4,2026-09-07,government_benefit,2000,200000,1
S-0242,E-0242-5,2026-08-24,exchange,150,15000,1
S-0242,E-0242-6,2026-10-04,internal_transfer,150,15000,1
S-0243,E-0243-1,2026-08-28,pension,200,20000,1
S-0243,E-0243-2,2026-08-07,etransfer,150,15000,1
S-0243,E-0243-3,2026-09-05,payroll,50,5000,1
S-0243,E-0243-4,2026-08-22,etransfer,1000,100000,1
S-0243,E-0243-5,2026-08-25,payroll,1500,150000,1
S-0243,E-0243-6,2026-09-12,government_benefit,2000,200000,1
S-0244,E-0244-1,2026-09-19,exchange,200,20000,1
S-0244,E-0244-2,2026-08-25,government_benefit,1500,150000,1
S-0244,E-0244-3,2026-09-08,pension,2000,200000,1
S-0244,E-0244-4,2026-08-17,exchange,800,80000,1
S-0244,E-0244-5,2026-10-01,government_benefit,1500,150000,1
S-0244,E-0244-6,2026-09-28,exchange,100,10000,1
S-0245,E-0245-1,2026-08-23,exchange,1500,150000,1
S-0245,E-0245-2,2026-09-23,payroll,25,2500,1
S-0245,E-0245-3,2026-10-04,etransfer,800,80000,1
S-0245,E-0245-4,2026-08-11,etransfer,450,45000,1
S-0245,E-0245-5,2026-09-06,government_benefit,1500,150000,1
S-0245,E-0245-6,2026-08-09,etransfer,1000,100000,1
S-0246,E-0246-1,2026-09-12,exchange,100,10000,1
S-0246,E-0246-2,2026-09-07,internal_transfer,800,80000,1
S-0246,E-0246-3,2026-09-12,government_benefit,800,80000,1
S-0246,E-0246-4,2026-09-06,pension,2000,200000,1
S-0246,E-0246-5,2026-10-04,internal_transfer,50,5000,1
S-0246,E-0246-6,2026-09-26,etransfer,150,15000,1
S-0247,E-0247-1,2026-09-28,pension,800,80000,1
S-0247,E-0247-2,2026-08-26,exchange,100,10000,1
S-0247,E-0247-3,2026-08-06,exchange,800,80000,1
S-0247,E-0247-4,2026-08-28,etransfer,1500,150000,1
S-0247,E-0247-5,2026-10-06,government_benefit,1000,100000,1
S-0247,E-0247-6,2026-09-18,payroll,2000,200000,1
S-0248,E-0248-1,2026-09-04,payroll,100,10000,1
S-0248,E-0248-2,2026-08-27,exchange,200,20000,1
S-0248,E-0248-3,2026-10-02,internal_transfer,1000,100000,1
S-0248,E-0248-4,2026-09-09,government_benefit,450,45000,1
S-0248,E-0248-5,2026-10-05,payroll,450,45000,1
S-0248,E-0248-6,2026-09-04,internal_transfer,450,45000,1
S-0249,E-0249-1,2026-10-04,etransfer,2000,200000,1
S-0249,E-0249-2,2026-10-03,government_benefit,200,20000,1
S-0249,E-0249-3,2026-09-22,exchange,1500,150000,1
S-0249,E-0249-4,2026-10-08,exchange,50,5000,1
S-0249,E-0249-5,2026-10-05,internal_transfer,1000,100000,1
S-0249,E-0249-6,2026-08-28,internal_transfer,100,10000,1
S-0250,E-0250-1,2026-09-14,etransfer,2000,200000,1
S-0250,E-0250-2,2026-09-28,payroll,50,5000,1
S-0250,E-0250-3,2026-08-11,government_benefit,150,15000,1
S-0250,E-0250-4,2026-09-21,internal_transfer,200,20000,1
S-0250,E-0250-5,2026-09-20,government_benefit,800,80000,1
S-0250,E-0250-6,2026-09-25,internal_transfer,450,45000,1
S-0251,E-0251-1,2026-10-08,pension,800,80000,1
S-0251,E-0251-2,2026-08-28,pension,25,2500,1
S-0251,E-0251-3,2026-10-04,internal_transfer,200,20000,1
S-0251,E-0251-4,2026-10-02,pension,150,15000,1
S-0251,E-0251-5,2026-09-04,payroll,50,5000,1
S-0251,E-0251-6,2026-09-18,payroll,25,2500,1
S-0252,E-0252-1,2026-09-17,payroll,50,5000,1
S-0252,E-0252-2,2026-09-20,payroll,100,10000,1
S-0252,E-0252-3,2026-10-07,pension,200,20000,1
S-0252,E-0252-4,2026-08-24,exchange,200,20000,1
S-0252,E-0252-5,2026-10-03,etransfer,100,10000,1
S-0252,E-0252-6,2026-08-01,internal_transfer,25,2500,1
S-0253,E-0253-1,2026-09-28,exchange,450,45000,1
S-0253,E-0253-2,2026-09-28,government_benefit,1500,150000,1
S-0253,E-0253-3,2026-10-08,internal_transfer,100,10000,1
S-0253,E-0253-4,2026-10-03,etransfer,2000,200000,1
S-0253,E-0253-5,2026-09-21,exchange,2000,200000,1
S-0253,E-0253-6,2026-10-05,exchange,450,45000,1
S-0254,E-0254-1,2026-10-04,exchange,50,5000,1
S-0254,E-0254-2,2026-09-12,government_benefit,800,80000,1
S-0254,E-0254-3,2026-08-10,payroll,25,2500,1
S-0254,E-0254-4,2026-10-03,government_benefit,450,45000,1
S-0254,E-0254-5,2026-09-18,internal_transfer,25,2500,1
S-0254,E-0254-6,2026-09-25,government_benefit,1000,100000,1
S-0255,E-0255-1,2026-08-25,government_benefit,800,80000,1
S-0255,E-0255-2,2026-10-04,etransfer,25,2500,1
S-0255,E-0255-3,2026-09-07,etransfer,800,80000,1
S-0255,E-0255-4,2026-09-13,pension,150,15000,1
S-0255,E-0255-5,2026-10-07,pension,800,80000,1
S-0255,E-0255-6,2026-09-03,internal_transfer,800,80000,1
S-0256,E-0256-1,2026-08-17,internal_transfer,2000,200000,1
S-0256,E-0256-2,2026-10-05,internal_transfer,200,20000,1
S-0256,E-0256-3,2026-10-05,pension,800,80000,1
S-0256,E-0256-4,2026-08-06,government_benefit,100,10000,1
S-0256,E-0256-5,2026-08-21,etransfer,1000,100000,1
S-0256,E-0256-6,2026-09-09,exchange,2000,200000,1
S-0257,E-0257-1,2026-08-11,pension,25,2500,1
S-0257,E-0257-2,2026-08-18,pension,25,2500,1
S-0257,E-0257-3,2026-08-10,pension,200,20000,1
S-0257,E-0257-4,2026-10-08,pension,25,2500,1
S-0257,E-0257-5,2026-08-05,exchange,25,2500,1
S-0257,E-0257-6,2026-08-11,government_benefit,800,80000,1
S-0258,E-0258-1,2026-09-12,internal_transfer,1000,100000,1
S-0258,E-0258-2,2026-08-11,pension,50,5000,1
S-0258,E-0258-3,2026-08-09,payroll,800,80000,1
S-0258,E-0258-4,2026-10-08,pension,100,10000,1
S-0258,E-0258-5,2026-09-27,payroll,800,80000,1
S-0258,E-0258-6,2026-08-25,exchange,150,15000,1
S-0259,E-0259-1,2026-09-08,pension,25,2500,1
S-0259,E-0259-2,2026-09-24,etransfer,50,5000,1
S-0259,E-0259-3,2026-10-04,exchange,1000,100000,1
S-0259,E-0259-4,2026-10-05,pension,450,45000,1
S-0259,E-0259-5,2026-10-01,etransfer,1500,150000,1
S-0259,E-0259-6,2026-08-09,internal_transfer,1000,100000,1
S-0260,E-0260-1,2026-09-07,payroll,450,45000,1
S-0260,E-0260-2,2026-10-04,pension,50,5000,1
S-0260,E-0260-3,2026-10-07,payroll,450,45000,1
S-0260,E-0260-4,2026-08-26,etransfer,200,20000,1
S-0260,E-0260-5,2026-08-13,payroll,150,15000,1
S-0260,E-0260-6,2026-08-19,internal_transfer,1000,100000,1
S-0261,E-0261-1,2026-10-03,payroll,450,45000,1
S-0261,E-0261-2,2026-08-06,payroll,1000,100000,1
S-0261,E-0261-3,2026-10-06,payroll,25,2500,1
S-0261,E-0261-4,2026-09-21,internal_transfer,100,10000,1
S-0261,E-0261-5,2026-10-02,exchange,100,10000,1
S-0261,E-0261-6,2026-08-11,internal_transfer,1500,150000,1
S-0262,E-0262-1,2026-09-26,internal_transfer,1000,100000,1
S-0262,E-0262-2,2026-08-01,government_benefit,800,80000,1
S-0262,E-0262-3,2026-10-03,payroll,200,20000,1
S-0262,E-0262-4,2026-09-23,etransfer,1000,100000,1
S-0262,E-0262-5,2026-09-18,pension,1000,100000,1
S-0262,E-0262-6,2026-10-03,government_benefit,1500,150000,1
S-0263,E-0263-1,2026-09-24,government_benefit,1000,100000,1
S-0263,E-0263-2,2026-10-03,etransfer,50,5000,1
S-0263,E-0263-3,2026-08-15,government_benefit,200,20000,1
S-0263,E-0263-4,2026-10-06,payroll,1000,100000,1
S-0263,E-0263-5,2026-10-07,payroll,100,10000,1
S-0263,E-0263-6,2026-10-06,pension,2000,200000,1
S-0264,E-0264-1,2026-09-24,internal_transfer,50,5000,1
S-0264,E-0264-2,2026-10-07,etransfer,150,15000,1
S-0264,E-0264-3,2026-10-08,pension,1500,150000,1
S-0264,E-0264-4,2026-10-05,exchange,450,45000,1
S-0264,E-0264-5,2026-10-06,payroll,50,5000,1
S-0264,E-0264-6,2026-10-02,pension,25,2500,1
S-0265,E-0265-1,2026-08-28,pension,25,2500,1
S-0265,E-0265-2,2026-08-16,payroll,150,15000,1
S-0265,E-0265-3,2026-08-19,internal_transfer,800,80000,1
S-0265,E-0265-4,2026-09-17,internal_transfer,2000,200000,1
S-0265,E-0265-5,2026-10-05,government_benefit,25,2500,1
S-0265,E-0265-6,2026-08-20,payroll,50,5000,1
S-0266,E-0266-1,2026-08-21,payroll,1000,100000,1
S-0266,E-0266-2,2026-09-26,government_benefit,25,2500,1
S-0266,E-0266-3,2026-10-07,internal_transfer,450,45000,1
S-0266,E-0266-4,2026-08-27,government_benefit,2000,200000,1
S-0266,E-0266-5,2026-10-01,government_benefit,50,5000,1
S-0266,E-0266-6,2026-08-07,payroll,1500,150000,1
S-0267,E-0267-1,2026-08-24,etransfer,150,15000,1
S-0267,E-0267-2,2026-09-07,etransfer,150,15000,1
S-0267,E-0267-3,2026-10-04,internal_transfer,2000,200000,1
S-0267,E-0267-4,2026-08-18,exchange,1500,150000,1
S-0267,E-0267-5,2026-10-02,government_benefit,2000,200000,1
S-0267,E-0267-6,2026-10-08,payroll,800,80000,1
S-0268,E-0268-1,2026-08-26,etransfer,100,10000,1
S-0268,E-0268-2,2026-09-17,internal_transfer,450,45000,1
S-0268,E-0268-3,2026-08-18,exchange,2000,200000,1
S-0268,E-0268-4,2026-09-11,government_benefit,1500,150000,1
S-0268,E-0268-5,2026-09-14,internal_transfer,800,80000,1
S-0268,E-0268-6,2026-09-20,etransfer,150,15000,1
S-0269,E-0269-1,2026-10-04,etransfer,800,80000,1
S-0269,E-0269-2,2026-10-05,exchange,450,45000,1
S-0269,E-0269-3,2026-09-13,internal_transfer,25,2500,1
S-0269,E-0269-4,2026-08-10,payroll,2000,200000,1
S-0269,E-0269-5,2026-10-03,payroll,200,20000,1
S-0269,E-0269-6,2026-09-08,government_benefit,150,15000,1
S-0270,E-0270-1,2026-08-25,etransfer,200,20000,1
S-0270,E-0270-2,2026-10-03,payroll,50,5000,1
S-0270,E-0270-3,2026-09-12,pension,100,10000,1
S-0270,E-0270-4,2026-09-12,pension,2000,200000,1
S-0270,E-0270-5,2026-08-09,payroll,200,20000,1
S-0270,E-0270-6,2026-10-07,pension,2000,200000,1
S-0271,E-0271-1,2026-10-02,exchange,450,45000,1
S-0271,E-0271-2,2026-08-16,payroll,2000,200000,1
S-0271,E-0271-3,2026-10-05,internal_transfer,25,2500,1
S-0271,E-0271-4,2026-10-07,payroll,50,5000,1
S-0271,E-0271-5,2026-09-12,exchange,800,80000,1
S-0271,E-0271-6,2026-08-28,internal_transfer,150,15000,1
S-0272,E-0272-1,2026-10-01,payroll,800,80000,1
S-0272,E-0272-2,2026-09-17,government_benefit,25,2500,1
S-0272,E-0272-3,2026-10-03,etransfer,450,45000,1
S-0272,E-0272-4,2026-10-04,payroll,100,10000,1
S-0272,E-0272-5,2026-10-07,etransfer,1000,100000,1
S-0272,E-0272-6,2026-10-02,exchange,150,15000,1
S-0273,E-0273-1,2026-09-26,pension,800,80000,1
S-0273,E-0273-2,2026-08-11,exchange,50,5000,1
S-0273,E-0273-3,2026-10-01,exchange,1500,150000,1
S-0273,E-0273-4,2026-09-03,etransfer,800,80000,1
S-0273,E-0273-5,2026-09-25,pension,100,10000,1
S-0273,E-0273-6,2026-09-18,exchange,150,15000,1
S-0274,E-0274-1,2026-09-21,pension,2000,200000,1
S-0274,E-0274-2,2026-10-04,payroll,150,15000,1
S-0274,E-0274-3,2026-09-25,government_benefit,800,80000,1
S-0274,E-0274-4,2026-10-02,internal_transfer,50,5000,1
S-0274,E-0274-5,2026-09-14,government_benefit,450,45000,1
S-0274,E-0274-6,2026-08-11,etransfer,450,45000,1
S-0275,E-0275-1,2026-10-01,pension,200,20000,1
S-0275,E-0275-2,2026-09-20,etransfer,1000,100000,1
S-0275,E-0275-3,2026-08-15,pension,25,2500,1
S-0275,E-0275-4,2026-08-22,pension,450,45000,1
S-0275,E-0275-5,2026-10-02,internal_transfer,50,5000,1
S-0276,E-0276-1,2026-08-08,pension,2000,200000,1
S-0276,E-0276-2,2026-09-01,internal_transfer,450,45000,1
S-0276,E-0276-3,2026-08-10,exchange,1000,100000,1
S-0276,E-0276-4,2026-08-11,internal_transfer,150,15000,1
S-0276,E-0276-5,2026-10-04,etransfer,150,15000,1
S-0277,E-0277-1,2026-10-05,exchange,1500,150000,1
S-0277,E-0277-2,2026-10-03,exchange,25,2500,1
S-0277,E-0277-3,2026-10-01,pension,200,20000,1
S-0277,E-0277-4,2026-08-10,internal_transfer,150,15000,1
S-0277,E-0277-5,2026-10-05,exchange,25,2500,1
S-0278,E-0278-1,2026-10-01,exchange,50,5000,1
S-0278,E-0278-2,2026-10-05,payroll,450,45000,1
S-0278,E-0278-3,2026-08-10,pension,800,80000,1
S-0278,E-0278-4,2026-09-17,government_benefit,50,5000,1
S-0278,E-0278-5,2026-09-28,etransfer,2000,200000,1
S-0279,E-0279-1,2026-08-06,etransfer,150,15000,1
S-0279,E-0279-2,2026-09-18,payroll,25,2500,1
S-0279,E-0279-3,2026-08-17,government_benefit,200,20000,1
S-0279,E-0279-4,2026-09-13,payroll,100,10000,1
S-0279,E-0279-5,2026-09-22,government_benefit,450,45000,1
S-0280,E-0280-1,2026-10-05,etransfer,150,15000,1
S-0280,E-0280-2,2026-09-26,internal_transfer,25,2500,1
S-0280,E-0280-3,2026-09-13,etransfer,25,2500,1
S-0280,E-0280-4,2026-09-08,government_benefit,100,10000,1
S-0280,E-0280-5,2026-09-22,payroll,100,10000,1
S-0281,E-0281-1,2026-10-07,internal_transfer,1500,150000,1
S-0281,E-0281-2,2026-10-04,pension,800,80000,1
S-0281,E-0281-3,2026-10-03,government_benefit,800,80000,1
S-0281,E-0281-4,2026-10-06,etransfer,1000,100000,1
S-0281,E-0281-5,2026-08-07,etransfer,100,10000,1
S-0282,E-0282-1,2026-10-04,government_benefit,100,10000,1
S-0282,E-0282-2,2026-10-03,pension,800,80000,1
S-0282,E-0282-3,2026-10-03,payroll,450,45000,1
S-0282,E-0282-4,2026-10-02,government_benefit,100,10000,1
S-0282,E-0282-5,2026-08-24,government_benefit,25,2500,1
S-0283,E-0283-1,2026-09-14,exchange,200,20000,1
S-0283,E-0283-2,2026-10-05,pension,100,10000,1
S-0283,E-0283-3,2026-08-05,payroll,100,10000,1
S-0283,E-0283-4,2026-10-05,etransfer,2000,200000,1
S-0283,E-0283-5,2026-10-04,pension,2000,200000,1
S-0284,E-0284-1,2026-08-22,government_benefit,25,2500,1
S-0284,E-0284-2,2026-08-23,pension,1000,100000,1
S-0284,E-0284-3,2026-10-08,pension,450,45000,1
S-0284,E-0284-4,2026-09-16,pension,1000,100000,1
S-0284,E-0284-5,2026-08-07,payroll,150,15000,1
S-0285,E-0285-1,2026-09-25,government_benefit,25,2500,1
S-0285,E-0285-2,2026-09-08,pension,150,15000,1
S-0285,E-0285-3,2026-08-06,etransfer,1000,100000,1
S-0285,E-0285-4,2026-09-23,exchange,450,45000,1
S-0285,E-0285-5,2026-08-14,payroll,800,80000,1
S-0286,E-0286-1,2026-10-07,exchange,450,45000,1
S-0286,E-0286-2,2026-10-01,payroll,1500,150000,1
S-0286,E-0286-3,2026-09-15,pension,25,2500,1
S-0286,E-0286-4,2026-10-07,etransfer,25,2500,1
S-0286,E-0286-5,2026-09-17,pension,25,2500,1
S-0287,E-0287-1,2026-09-15,government_benefit,800,80000,1
S-0287,E-0287-2,2026-09-15,exchange,100,10000,1
S-0287,E-0287-3,2026-09-20,internal_transfer,25,2500,1
S-0287,E-0287-4,2026-10-03,internal_transfer,1000,100000,1
S-0287,E-0287-5,2026-09-03,payroll,1500,150000,1
S-0288,E-0288-1,2026-08-25,internal_transfer,2000,200000,1
S-0288,E-0288-2,2026-10-03,exchange,800,80000,1
S-0288,E-0288-3,2026-09-15,pension,25,2500,1
S-0288,E-0288-4,2026-09-19,exchange,150,15000,1
S-0288,E-0288-5,2026-08-09,internal_transfer,450,45000,1
S-0289,E-0289-1,2026-10-03,payroll,50,5000,1
S-0289,E-0289-2,2026-08-23,internal_transfer,1000,100000,1
S-0289,E-0289-3,2026-09-03,internal_transfer,1500,150000,1
S-0289,E-0289-4,2026-09-24,etransfer,1500,150000,1
S-0289,E-0289-5,2026-08-13,exchange,1500,150000,1
S-0290,E-0290-1,2026-08-25,government_benefit,100,10000,1
S-0290,E-0290-2,2026-10-03,pension,100,10000,1
S-0290,E-0290-3,2026-08-25,exchange,25,2500,1
S-0290,E-0290-4,2026-09-10,government_benefit,1000,100000,1
S-0290,E-0290-5,2026-10-03,pension,50,5000,1
S-0291,E-0291-1,2026-08-01,government_benefit,2000,200000,1
S-0291,E-0291-2,2026-08-15,exchange,1000,100000,1
S-0291,E-0291-3,2026-10-01,exchange,2000,200000,1
S-0291,E-0291-4,2026-08-07,internal_transfer,2000,200000,1
S-0291,E-0291-5,2026-09-15,exchange,800,80000,1
S-0292,E-0292-1,2026-08-20,payroll,2000,200000,1
S-0292,E-0292-2,2026-08-18,etransfer,200,20000,1
S-0292,E-0292-3,2026-10-04,pension,25,2500,1
S-0292,E-0292-4,2026-08-02,payroll,450,45000,1
S-0292,E-0292-5,2026-08-28,internal_transfer,25,2500,1
S-0293,E-0293-1,2026-10-05,payroll,450,45000,1
S-0293,E-0293-2,2026-08-04,pension,800,80000,1
S-0293,E-0293-3,2026-08-22,etransfer,200,20000,1
S-0293,E-0293-4,2026-10-03,internal_transfer,1000,100000,1
S-0293,E-0293-5,2026-10-06,payroll,25,2500,1
S-0294,E-0294-1,2026-09-11,exchange,450,45000,1
S-0294,E-0294-2,2026-08-25,etransfer,800,80000,1
S-0294,E-0294-3,2026-08-10,pension,1000,100000,1
S-0294,E-0294-4,2026-08-23,government_benefit,200,20000,1
S-0294,E-0294-5,2026-10-07,pension,1500,150000,1
S-0295,E-0295-1,2026-10-04,payroll,2000,200000,1
S-0295,E-0295-2,2026-08-19,payroll,1500,150000,1
S-0295,E-0295-3,2026-09-24,internal_transfer,2000,200000,1
S-0295,E-0295-4,2026-09-14,government_benefit,2000,200000,1
S-0295,E-0295-5,2026-09-17,etransfer,2000,200000,1
S-0296,E-0296-1,2026-09-05,etransfer,2000,200000,1
S-0296,E-0296-2,2026-09-17,exchange,1000,100000,1
S-0296,E-0296-3,2026-08-20,internal_transfer,150,15000,1
S-0296,E-0296-4,2026-09-07,payroll,25,2500,1
S-0296,E-0296-5,2026-08-15,internal_transfer,50,5000,1
S-0297,E-0297-1,2026-08-26,exchange,2000,200000,1
S-0297,E-0297-2,2026-09-02,government_benefit,450,45000,1
S-0297,E-0297-3,2026-10-04,internal_transfer,25,2500,1
S-0297,E-0297-4,2026-08-23,government_benefit,200,20000,1
S-0297,E-0297-5,2026-08-10,etransfer,200,20000,1
S-0298,E-0298-1,2026-10-06,payroll,25,2500,1
S-0298,E-0298-2,2026-10-06,exchange,450,45000,1
S-0298,E-0298-3,2026-10-01,pension,100,10000,1
S-0298,E-0298-4,2026-09-27,internal_transfer,450,45000,1
S-0298,E-0298-5,2026-09-16,internal_transfer,25,2500,1
S-0299,E-0299-1,2026-08-16,internal_transfer,100,10000,1
S-0299,E-0299-2,2026-09-28,government_benefit,1500,150000,1
S-0299,E-0299-3,2026-09-26,internal_transfer,800,80000,1
S-0299,E-0299-4,2026-08-27,government_benefit,1500,150000,1
S-0299,E-0299-5,2026-10-06,etransfer,1500,150000,1
S-0300,E-0300-1,2026-08-07,internal_transfer,2000,200000,1
S-0300,E-0300-2,2026-09-26,payroll,450,45000,1
S-0300,E-0300-3,2026-08-09,government_benefit,25,2500,1
S-0300,E-0300-4,2026-09-21,pension,1500,150000,1
S-0300,E-0300-5,2026-10-07,etransfer,100,10000,1
